version,dataset,type,metrics,span_s,rep,latency_ms,db_max_ms,data_requests,points
9cc6b59-levels,load,aggregate,1,1,0,8.25,5.01,1,1
9cc6b59-levels,load,aggregate,1,1,1,7.60,5.46,1,1
9cc6b59-levels,load,aggregate,1,1,2,4.76,2.91,1,1
9cc6b59-levels,load,aggregate,1,1,3,5.61,3.98,1,1
9cc6b59-levels,load,aggregate,1,1,4,8.14,6.19,1,1
9cc6b59-levels,load,aggregate,1,1,5,9.04,7.17,1,1
9cc6b59-levels,load,aggregate,1,1,6,6.31,4.06,1,1
9cc6b59-levels,load,aggregate,1,1,7,8.31,5.86,1,1
9cc6b59-levels,load,aggregate,1,1,8,5.95,4.38,1,1
9cc6b59-levels,load,aggregate,1,1,9,8.09,6.36,1,1
9cc6b59-levels,load,aggregate,1,1,10,9.51,7.81,1,1
9cc6b59-levels,load,aggregate,1,1,11,5.92,4.07,1,1
9cc6b59-levels,load,aggregate,1,1,12,5.76,3.66,1,1
9cc6b59-levels,load,aggregate,1,1,13,6.32,4.60,1,1
9cc6b59-levels,load,aggregate,1,1,14,7.61,5.68,2,1
9cc6b59-levels,load,aggregate,1,1,15,9.05,7.37,1,1
9cc6b59-levels,load,aggregate,1,1,16,9.90,7.55,1,1
9cc6b59-levels,load,aggregate,1,1,17,7.74,5.57,1,1
9cc6b59-levels,load,aggregate,1,1,18,11.38,9.18,1,1
9cc6b59-levels,load,aggregate,1,1,19,9.41,7.78,1,1
9cc6b59-levels,load,aggregate,1,1.778,0,6.12,4.48,1,1
9cc6b59-levels,load,aggregate,1,1.778,1,10.85,9.36,1,1
9cc6b59-levels,load,aggregate,1,1.778,2,6.52,4.71,2,1
9cc6b59-levels,load,aggregate,1,1.778,3,6.95,4.66,1,1
9cc6b59-levels,load,aggregate,1,1.778,4,6.55,4.22,1,1
9cc6b59-levels,load,aggregate,1,1.778,5,10.61,8.59,1,1
9cc6b59-levels,load,aggregate,1,1.778,6,19.48,17.56,1,1
9cc6b59-levels,load,aggregate,1,1.778,7,8.40,6.30,1,1
9cc6b59-levels,load,aggregate,1,1.778,8,6.22,4.06,1,1
9cc6b59-levels,load,aggregate,1,1.778,9,6.23,4.04,1,1
9cc6b59-levels,load,aggregate,1,1.778,10,6.33,4.22,1,1
9cc6b59-levels,load,aggregate,1,1.778,11,4.19,2.79,1,1
9cc6b59-levels,load,aggregate,1,1.778,12,5.11,3.73,1,1
9cc6b59-levels,load,aggregate,1,1.778,13,9.52,7.84,1,1
9cc6b59-levels,load,aggregate,1,1.778,14,14.45,12.99,1,1
9cc6b59-levels,load,aggregate,1,1.778,15,15.43,14.15,1,1
9cc6b59-levels,load,aggregate,1,1.778,16,8.27,6.66,1,1
9cc6b59-levels,load,aggregate,1,1.778,17,7.10,5.57,1,1
9cc6b59-levels,load,aggregate,1,1.778,18,7.10,5.61,1,1
9cc6b59-levels,load,aggregate,1,1.778,19,5.33,3.67,1,1
9cc6b59-levels,load,aggregate,1,3.162,0,4.88,3.16,1,1
9cc6b59-levels,load,aggregate,1,3.162,1,5.29,3.62,1,1
9cc6b59-levels,load,aggregate,1,3.162,2,5.02,3.49,1,1
9cc6b59-levels,load,aggregate,1,3.162,3,11.84,9.97,1,1
9cc6b59-levels,load,aggregate,1,3.162,4,4.48,3.01,1,1
9cc6b59-levels,load,aggregate,1,3.162,5,11.39,9.13,1,1
9cc6b59-levels,load,aggregate,1,3.162,6,8.11,5.92,1,1
9cc6b59-levels,load,aggregate,1,3.162,7,10.14,8.04,1,1
9cc6b59-levels,load,aggregate,1,3.162,8,9.08,7.05,1,1
9cc6b59-levels,load,aggregate,1,3.162,9,4.98,3.29,1,1
9cc6b59-levels,load,aggregate,1,3.162,10,8.05,5.76,1,1
9cc6b59-levels,load,aggregate,1,3.162,11,6.37,4.18,2,1
9cc6b59-levels,load,aggregate,1,3.162,12,11.16,8.85,1,1
9cc6b59-levels,load,aggregate,1,3.162,13,6.74,4.64,1,1
9cc6b59-levels,load,aggregate,1,3.162,14,10.47,8.15,1,1
9cc6b59-levels,load,aggregate,1,3.162,15,5.99,4.39,1,1
9cc6b59-levels,load,aggregate,1,3.162,16,6.06,4.32,1,1
9cc6b59-levels,load,aggregate,1,3.162,17,9.30,7.43,1,1
9cc6b59-levels,load,aggregate,1,3.162,18,7.04,5.27,1,1
9cc6b59-levels,load,aggregate,1,3.162,19,5.12,3.62,1,1
9cc6b59-levels,load,aggregate,1,5.623,0,10.39,8.64,1,1
9cc6b59-levels,load,aggregate,1,5.623,1,5.87,4.04,1,1
9cc6b59-levels,load,aggregate,1,5.623,2,7.41,5.55,1,1
9cc6b59-levels,load,aggregate,1,5.623,3,5.38,3.80,1,1
9cc6b59-levels,load,aggregate,1,5.623,4,8.09,5.82,1,1
9cc6b59-levels,load,aggregate,1,5.623,5,13.99,11.76,1,1
9cc6b59-levels,load,aggregate,1,5.623,6,8.35,6.01,1,1
9cc6b59-levels,load,aggregate,1,5.623,7,12.60,10.62,1,1
9cc6b59-levels,load,aggregate,1,5.623,8,5.40,3.69,1,1
9cc6b59-levels,load,aggregate,1,5.623,9,5.64,3.81,1,1
9cc6b59-levels,load,aggregate,1,5.623,10,11.01,9.20,1,1
9cc6b59-levels,load,aggregate,1,5.623,11,4.92,3.38,1,1
9cc6b59-levels,load,aggregate,1,5.623,12,6.39,4.38,1,1
9cc6b59-levels,load,aggregate,1,5.623,13,5.13,3.45,1,1
9cc6b59-levels,load,aggregate,1,5.623,14,4.97,3.38,1,1
9cc6b59-levels,load,aggregate,1,5.623,15,6.37,4.74,1,1
9cc6b59-levels,load,aggregate,1,5.623,16,7.48,5.53,1,1
9cc6b59-levels,load,aggregate,1,5.623,17,12.84,11.29,1,1
9cc6b59-levels,load,aggregate,1,5.623,18,6.34,4.46,1,1
9cc6b59-levels,load,aggregate,1,5.623,19,5.11,3.26,1,1
9cc6b59-levels,load,aggregate,1,10,0,4.96,3.66,2,1
9cc6b59-levels,load,aggregate,1,10,1,9.16,7.32,1,1
9cc6b59-levels,load,aggregate,1,10,2,8.74,7.04,1,1
9cc6b59-levels,load,aggregate,1,10,3,10.75,9.04,1,1
9cc6b59-levels,load,aggregate,1,10,4,9.82,8.14,1,1
9cc6b59-levels,load,aggregate,1,10,5,7.34,5.74,1,1
9cc6b59-levels,load,aggregate,1,10,6,6.88,4.90,1,1
9cc6b59-levels,load,aggregate,1,10,7,9.97,7.70,1,1
9cc6b59-levels,load,aggregate,1,10,8,6.41,4.84,1,1
9cc6b59-levels,load,aggregate,1,10,9,14.20,12.42,1,1
9cc6b59-levels,load,aggregate,1,10,10,10.42,8.36,1,1
9cc6b59-levels,load,aggregate,1,10,11,20.88,18.81,1,1
9cc6b59-levels,load,aggregate,1,10,12,91.04,89.58,1,1
9cc6b59-levels,load,aggregate,1,10,13,6.36,4.75,1,1
9cc6b59-levels,load,aggregate,1,10,14,17.40,15.69,1,1
9cc6b59-levels,load,aggregate,1,10,15,5.84,4.55,1,1
9cc6b59-levels,load,aggregate,1,10,16,3.78,2.39,1,1
9cc6b59-levels,load,aggregate,1,10,17,4.29,2.92,1,1
9cc6b59-levels,load,aggregate,1,10,18,4.20,2.76,1,1
9cc6b59-levels,load,aggregate,1,10,19,4.40,2.74,1,1
9cc6b59-levels,load,aggregate,1,17.78,0,5.24,3.33,1,1
9cc6b59-levels,load,aggregate,1,17.78,1,11.97,9.65,1,1
9cc6b59-levels,load,aggregate,1,17.78,2,8.62,6.75,1,1
9cc6b59-levels,load,aggregate,1,17.78,3,43.32,41.67,1,1
9cc6b59-levels,load,aggregate,1,17.78,4,5.86,3.59,1,1
9cc6b59-levels,load,aggregate,1,17.78,5,8.10,5.89,1,1
9cc6b59-levels,load,aggregate,1,17.78,6,8.50,7.07,1,1
9cc6b59-levels,load,aggregate,1,17.78,7,5.90,4.15,1,1
9cc6b59-levels,load,aggregate,1,17.78,8,6.04,4.60,2,1
9cc6b59-levels,load,aggregate,1,17.78,9,7.65,5.91,1,1
9cc6b59-levels,load,aggregate,1,17.78,10,5.14,3.03,1,1
9cc6b59-levels,load,aggregate,1,17.78,11,17.21,15.23,1,1
9cc6b59-levels,load,aggregate,1,17.78,12,8.46,6.88,1,1
9cc6b59-levels,load,aggregate,1,17.78,13,7.05,5.19,1,1
9cc6b59-levels,load,aggregate,1,17.78,14,5.87,3.88,1,1
9cc6b59-levels,load,aggregate,1,17.78,15,5.19,2.73,1,1
9cc6b59-levels,load,aggregate,1,17.78,16,5.64,3.62,1,1
9cc6b59-levels,load,aggregate,1,17.78,17,5.61,3.74,1,1
9cc6b59-levels,load,aggregate,1,17.78,18,5.15,3.25,1,1
9cc6b59-levels,load,aggregate,1,17.78,19,5.01,3.11,1,1
9cc6b59-levels,load,aggregate,1,31.62,0,4.52,3.02,1,1
9cc6b59-levels,load,aggregate,1,31.62,1,5.02,3.45,1,1
9cc6b59-levels,load,aggregate,1,31.62,2,4.28,2.71,1,1
9cc6b59-levels,load,aggregate,1,31.62,3,4.61,3.04,1,1
9cc6b59-levels,load,aggregate,1,31.62,4,7.92,6.55,1,1
9cc6b59-levels,load,aggregate,1,31.62,5,3.78,2.38,1,1
9cc6b59-levels,load,aggregate,1,31.62,6,6.95,5.28,1,1
9cc6b59-levels,load,aggregate,1,31.62,7,4.60,3.05,1,1
9cc6b59-levels,load,aggregate,1,31.62,8,5.75,4.11,2,1
9cc6b59-levels,load,aggregate,1,31.62,9,10.47,8.93,1,1
9cc6b59-levels,load,aggregate,1,31.62,10,7.39,5.47,1,1
9cc6b59-levels,load,aggregate,1,31.62,11,7.39,5.87,1,1
9cc6b59-levels,load,aggregate,1,31.62,12,4.42,3.05,1,1
9cc6b59-levels,load,aggregate,1,31.62,13,4.80,3.37,1,1
9cc6b59-levels,load,aggregate,1,31.62,14,4.63,3.35,1,1
9cc6b59-levels,load,aggregate,1,31.62,15,5.90,4.45,1,1
9cc6b59-levels,load,aggregate,1,31.62,16,10.41,9.12,1,1
9cc6b59-levels,load,aggregate,1,31.62,17,8.82,7.07,1,1
9cc6b59-levels,load,aggregate,1,31.62,18,6.89,5.03,1,1
9cc6b59-levels,load,aggregate,1,31.62,19,5.58,3.76,1,1
9cc6b59-levels,load,aggregate,1,56.23,0,8.68,7.34,1,1
9cc6b59-levels,load,aggregate,1,56.23,1,6.88,5.13,1,1
9cc6b59-levels,load,aggregate,1,56.23,2,15.55,13.97,1,1
9cc6b59-levels,load,aggregate,1,56.23,3,19.76,18.19,1,1
9cc6b59-levels,load,aggregate,1,56.23,4,15.65,14.46,2,1
9cc6b59-levels,load,aggregate,1,56.23,5,13.40,11.64,1,1
9cc6b59-levels,load,aggregate,1,56.23,6,15.22,13.67,1,1
9cc6b59-levels,load,aggregate,1,56.23,7,8.50,6.77,2,1
9cc6b59-levels,load,aggregate,1,56.23,8,6.07,3.99,3,1
9cc6b59-levels,load,aggregate,1,56.23,9,6.37,4.46,1,1
9cc6b59-levels,load,aggregate,1,56.23,10,7.70,5.94,1,1
9cc6b59-levels,load,aggregate,1,56.23,11,5.37,3.84,2,1
9cc6b59-levels,load,aggregate,1,56.23,12,6.39,4.81,2,1
9cc6b59-levels,load,aggregate,1,56.23,13,5.74,4.40,2,1
9cc6b59-levels,load,aggregate,1,56.23,14,4.97,3.32,2,1
9cc6b59-levels,load,aggregate,1,56.23,15,6.60,5.05,1,1
9cc6b59-levels,load,aggregate,1,56.23,16,4.99,3.41,1,1
9cc6b59-levels,load,aggregate,1,56.23,17,6.12,4.70,2,1
9cc6b59-levels,load,aggregate,1,56.23,18,6.50,5.05,1,1
9cc6b59-levels,load,aggregate,1,56.23,19,5.66,4.03,1,1
9cc6b59-levels,load,aggregate,1,100,0,5.32,3.15,1,1
9cc6b59-levels,load,aggregate,1,100,1,6.24,4.56,2,1
9cc6b59-levels,load,aggregate,1,100,2,5.38,3.79,2,1
9cc6b59-levels,load,aggregate,1,100,3,13.64,12.10,2,1
9cc6b59-levels,load,aggregate,1,100,4,7.30,5.62,2,1
9cc6b59-levels,load,aggregate,1,100,5,6.23,4.81,2,1
9cc6b59-levels,load,aggregate,1,100,6,7.61,5.66,2,1
9cc6b59-levels,load,aggregate,1,100,7,6.44,4.70,2,1
9cc6b59-levels,load,aggregate,1,100,8,8.13,5.34,2,1
9cc6b59-levels,load,aggregate,1,100,9,8.35,6.90,2,1
9cc6b59-levels,load,aggregate,1,100,10,9.34,7.55,2,1
9cc6b59-levels,load,aggregate,1,100,11,6.06,4.03,2,1
9cc6b59-levels,load,aggregate,1,100,12,12.70,10.85,2,1
9cc6b59-levels,load,aggregate,1,100,13,7.05,5.05,2,1
9cc6b59-levels,load,aggregate,1,100,14,9.81,8.22,3,1
9cc6b59-levels,load,aggregate,1,100,15,4.52,3.09,1,1
9cc6b59-levels,load,aggregate,1,100,16,4.51,2.96,2,1
9cc6b59-levels,load,aggregate,1,100,17,7.40,5.57,2,1
9cc6b59-levels,load,aggregate,1,100,18,3.74,2.38,1,1
9cc6b59-levels,load,aggregate,1,100,19,11.23,9.76,2,1
9cc6b59-levels,load,aggregate,1,177.8,0,8.74,6.68,2,1
9cc6b59-levels,load,aggregate,1,177.8,1,7.29,5.51,2,1
9cc6b59-levels,load,aggregate,1,177.8,2,8.38,6.76,3,1
9cc6b59-levels,load,aggregate,1,177.8,3,5.82,4.46,2,1
9cc6b59-levels,load,aggregate,1,177.8,4,7.40,5.74,3,1
9cc6b59-levels,load,aggregate,1,177.8,5,11.68,9.88,2,1
9cc6b59-levels,load,aggregate,1,177.8,6,10.26,7.47,2,1
9cc6b59-levels,load,aggregate,1,177.8,7,4.40,3.03,2,1
9cc6b59-levels,load,aggregate,1,177.8,8,4.52,3.09,2,1
9cc6b59-levels,load,aggregate,1,177.8,9,7.94,6.27,2,1
9cc6b59-levels,load,aggregate,1,177.8,10,6.22,4.08,2,1
9cc6b59-levels,load,aggregate,1,177.8,11,4.31,2.80,2,1
9cc6b59-levels,load,aggregate,1,177.8,12,10.69,8.78,2,1
9cc6b59-levels,load,aggregate,1,177.8,13,4.23,2.73,2,1
9cc6b59-levels,load,aggregate,1,177.8,14,5.79,4.23,2,1
9cc6b59-levels,load,aggregate,1,177.8,15,5.32,3.51,2,1
9cc6b59-levels,load,aggregate,1,177.8,16,5.94,4.38,2,1
9cc6b59-levels,load,aggregate,1,177.8,17,4.49,2.93,2,1
9cc6b59-levels,load,aggregate,1,177.8,18,6.93,5.42,2,1
9cc6b59-levels,load,aggregate,1,177.8,19,13.50,11.85,2,1
9cc6b59-levels,load,aggregate,1,316.2,0,4.68,3.21,2,1
9cc6b59-levels,load,aggregate,1,316.2,1,7.78,6.30,3,1
9cc6b59-levels,load,aggregate,1,316.2,2,4.05,2.50,1,1
9cc6b59-levels,load,aggregate,1,316.2,3,8.14,6.30,2,1
9cc6b59-levels,load,aggregate,1,316.2,4,4.70,3.02,2,1
9cc6b59-levels,load,aggregate,1,316.2,5,7.65,5.81,2,1
9cc6b59-levels,load,aggregate,1,316.2,6,11.46,9.58,2,1
9cc6b59-levels,load,aggregate,1,316.2,7,10.19,8.91,2,1
9cc6b59-levels,load,aggregate,1,316.2,8,22.45,20.05,3,1
9cc6b59-levels,load,aggregate,1,316.2,9,13.22,11.68,2,1
9cc6b59-levels,load,aggregate,1,316.2,10,13.65,11.89,2,1
9cc6b59-levels,load,aggregate,1,316.2,11,6.14,4.34,2,1
9cc6b59-levels,load,aggregate,1,316.2,12,22.48,19.57,2,1
9cc6b59-levels,load,aggregate,1,316.2,13,10.60,8.58,2,1
9cc6b59-levels,load,aggregate,1,316.2,14,9.59,7.90,2,1
9cc6b59-levels,load,aggregate,1,316.2,15,5.81,4.38,2,1
9cc6b59-levels,load,aggregate,1,316.2,16,8.56,6.92,2,1
9cc6b59-levels,load,aggregate,1,316.2,17,6.07,4.66,2,1
9cc6b59-levels,load,aggregate,1,316.2,18,7.49,6.07,4,1
9cc6b59-levels,load,aggregate,1,316.2,19,8.99,7.48,3,1
9cc6b59-levels,load,aggregate,1,562.3,0,3.80,2.51,1,1
9cc6b59-levels,load,aggregate,1,562.3,1,10.11,8.59,3,1
9cc6b59-levels,load,aggregate,1,562.3,2,10.26,8.60,3,1
9cc6b59-levels,load,aggregate,1,562.3,3,5.51,3.93,1,1
9cc6b59-levels,load,aggregate,1,562.3,4,8.12,6.41,1,1
9cc6b59-levels,load,aggregate,1,562.3,5,7.60,6.26,4,1
9cc6b59-levels,load,aggregate,1,562.3,6,7.73,6.19,4,1
9cc6b59-levels,load,aggregate,1,562.3,7,9.22,7.11,3,1
9cc6b59-levels,load,aggregate,1,562.3,8,10.19,8.72,4,1
9cc6b59-levels,load,aggregate,1,562.3,9,4.61,3.21,2,1
9cc6b59-levels,load,aggregate,1,562.3,10,6.41,5.06,2,1
9cc6b59-levels,load,aggregate,1,562.3,11,6.03,4.54,1,1
9cc6b59-levels,load,aggregate,1,562.3,12,6.60,5.26,3,1
9cc6b59-levels,load,aggregate,1,562.3,13,5.74,4.37,2,1
9cc6b59-levels,load,aggregate,1,562.3,14,9.39,7.65,3,1
9cc6b59-levels,load,aggregate,1,562.3,15,15.31,13.91,4,1
9cc6b59-levels,load,aggregate,1,562.3,16,8.36,6.90,3,1
9cc6b59-levels,load,aggregate,1,562.3,17,5.57,3.74,2,1
9cc6b59-levels,load,aggregate,1,562.3,18,6.30,4.66,2,1
9cc6b59-levels,load,aggregate,1,562.3,19,8.15,6.06,4,1
9cc6b59-levels,load,aggregate,1,1000,0,9.83,7.63,4,1
9cc6b59-levels,load,aggregate,1,1000,1,10.92,9.13,4,1
9cc6b59-levels,load,aggregate,1,1000,2,11.45,7.76,3,1
9cc6b59-levels,load,aggregate,1,1000,3,8.86,7.00,2,1
9cc6b59-levels,load,aggregate,1,1000,4,8.96,7.14,4,1
9cc6b59-levels,load,aggregate,1,1000,5,10.99,9.27,4,1
9cc6b59-levels,load,aggregate,1,1000,6,11.83,10.05,2,1
9cc6b59-levels,load,aggregate,1,1000,7,9.22,7.65,4,1
9cc6b59-levels,load,aggregate,1,1000,8,9.34,7.50,3,1
9cc6b59-levels,load,aggregate,1,1000,9,11.64,10.01,4,1
9cc6b59-levels,load,aggregate,1,1000,10,8.91,7.31,4,1
9cc6b59-levels,load,aggregate,1,1000,11,11.42,10.00,4,1
9cc6b59-levels,load,aggregate,1,1000,12,8.32,6.88,4,1
9cc6b59-levels,load,aggregate,1,1000,13,10.65,9.21,4,1
9cc6b59-levels,load,aggregate,1,1000,14,7.49,6.12,4,1
9cc6b59-levels,load,aggregate,1,1000,15,8.39,6.50,3,1
9cc6b59-levels,load,aggregate,1,1000,16,7.58,6.08,4,1
9cc6b59-levels,load,aggregate,1,1000,17,11.00,9.29,4,1
9cc6b59-levels,load,aggregate,1,1000,18,9.03,7.04,4,1
9cc6b59-levels,load,aggregate,1,1000,19,8.55,7.06,4,1
9cc6b59-levels,load,aggregate,1,1778,0,8.25,6.78,3,1
9cc6b59-levels,load,aggregate,1,1778,1,11.09,9.17,4,1
9cc6b59-levels,load,aggregate,1,1778,2,8.29,6.43,3,1
9cc6b59-levels,load,aggregate,1,1778,3,9.94,8.31,4,1
9cc6b59-levels,load,aggregate,1,1778,4,15.93,13.58,4,1
9cc6b59-levels,load,aggregate,1,1778,5,21.93,20.44,4,1
9cc6b59-levels,load,aggregate,1,1778,6,22.46,20.69,4,1
9cc6b59-levels,load,aggregate,1,1778,7,10.64,8.28,4,1
9cc6b59-levels,load,aggregate,1,1778,8,9.47,7.74,4,1
9cc6b59-levels,load,aggregate,1,1778,9,13.23,10.73,4,1
9cc6b59-levels,load,aggregate,1,1778,10,11.28,9.28,4,1
9cc6b59-levels,load,aggregate,1,1778,11,13.07,10.95,4,1
9cc6b59-levels,load,aggregate,1,1778,12,9.63,7.56,4,1
9cc6b59-levels,load,aggregate,1,1778,13,10.92,9.07,5,1
9cc6b59-levels,load,aggregate,1,1778,14,8.35,6.64,3,1
9cc6b59-levels,load,aggregate,1,1778,15,6.34,4.49,2,1
9cc6b59-levels,load,aggregate,1,1778,16,14.71,12.82,3,1
9cc6b59-levels,load,aggregate,1,1778,17,9.35,7.65,4,1
9cc6b59-levels,load,aggregate,1,1778,18,9.78,7.62,4,1
9cc6b59-levels,load,aggregate,1,1778,19,6.48,4.75,2,1
9cc6b59-levels,load,aggregate,1,3162,0,10.25,8.39,4,1
9cc6b59-levels,load,aggregate,1,3162,1,9.90,7.50,4,1
9cc6b59-levels,load,aggregate,1,3162,2,9.23,7.42,2,1
9cc6b59-levels,load,aggregate,1,3162,3,9.85,8.06,2,1
9cc6b59-levels,load,aggregate,1,3162,4,11.77,9.76,4,1
9cc6b59-levels,load,aggregate,1,3162,5,6.86,4.56,1,1
9cc6b59-levels,load,aggregate,1,3162,6,8.37,6.34,4,1
9cc6b59-levels,load,aggregate,1,3162,7,12.80,10.61,4,1
9cc6b59-levels,load,aggregate,1,3162,8,12.18,9.94,4,1
9cc6b59-levels,load,aggregate,1,3162,9,12.73,10.56,4,1
9cc6b59-levels,load,aggregate,1,3162,10,9.20,6.92,4,1
9cc6b59-levels,load,aggregate,1,3162,11,8.62,6.32,5,1
9cc6b59-levels,load,aggregate,1,3162,12,13.80,11.56,2,1
9cc6b59-levels,load,aggregate,1,3162,13,9.78,7.79,3,1
9cc6b59-levels,load,aggregate,1,3162,14,7.66,5.72,2,1
9cc6b59-levels,load,aggregate,1,3162,15,9.54,7.34,3,1
9cc6b59-levels,load,aggregate,1,3162,16,12.92,10.79,4,1
9cc6b59-levels,load,aggregate,1,3162,17,12.60,10.19,3,1
9cc6b59-levels,load,aggregate,1,3162,18,14.60,11.95,3,1
9cc6b59-levels,load,aggregate,1,3162,19,9.77,8.18,4,1
9cc6b59-levels,load,aggregate,1,5623,0,10.04,8.35,4,1
9cc6b59-levels,load,aggregate,1,5623,1,14.56,12.72,5,1
9cc6b59-levels,load,aggregate,1,5623,2,11.32,9.10,4,1
9cc6b59-levels,load,aggregate,1,5623,3,14.31,12.15,4,1
9cc6b59-levels,load,aggregate,1,5623,4,10.18,8.10,3,1
9cc6b59-levels,load,aggregate,1,5623,5,11.07,8.83,4,1
9cc6b59-levels,load,aggregate,1,5623,6,17.69,15.54,4,1
9cc6b59-levels,load,aggregate,1,5623,7,11.06,9.10,4,1
9cc6b59-levels,load,aggregate,1,5623,8,12.75,11.23,5,1
9cc6b59-levels,load,aggregate,1,5623,9,9.55,8.17,5,1
9cc6b59-levels,load,aggregate,1,5623,10,7.14,5.78,3,1
9cc6b59-levels,load,aggregate,1,5623,11,13.72,12.01,5,1
9cc6b59-levels,load,aggregate,1,5623,12,22.95,21.52,4,1
9cc6b59-levels,load,aggregate,1,5623,13,20.82,19.33,4,1
9cc6b59-levels,load,aggregate,1,5623,14,11.81,10.12,4,1
9cc6b59-levels,load,aggregate,1,5623,15,12.83,10.91,5,1
9cc6b59-levels,load,aggregate,1,5623,16,12.52,10.47,3,1
9cc6b59-levels,load,aggregate,1,5623,17,9.46,7.38,5,1
9cc6b59-levels,load,aggregate,1,5623,18,12.01,10.15,6,1
9cc6b59-levels,load,aggregate,1,5623,19,15.19,13.45,5,1
9cc6b59-levels,load,aggregate,1,1e+04,0,8.48,6.69,5,1
9cc6b59-levels,load,aggregate,1,1e+04,1,9.36,7.75,3,1
9cc6b59-levels,load,aggregate,1,1e+04,2,11.52,9.55,5,1
9cc6b59-levels,load,aggregate,1,1e+04,3,10.15,8.11,5,1
9cc6b59-levels,load,aggregate,1,1e+04,4,11.71,9.50,5,1
9cc6b59-levels,load,aggregate,1,1e+04,5,13.07,11.31,5,1
9cc6b59-levels,load,aggregate,1,1e+04,6,11.51,9.51,5,1
9cc6b59-levels,load,aggregate,1,1e+04,7,12.78,10.40,5,1
9cc6b59-levels,load,aggregate,1,1e+04,8,9.57,7.42,3,1
9cc6b59-levels,load,aggregate,1,1e+04,9,12.88,10.79,5,1
9cc6b59-levels,load,aggregate,1,1e+04,10,12.12,9.98,5,1
9cc6b59-levels,load,aggregate,1,1e+04,11,10.33,8.56,3,1
9cc6b59-levels,load,aggregate,1,1e+04,12,10.55,8.36,5,1
9cc6b59-levels,load,aggregate,1,1e+04,13,9.70,7.21,5,1
9cc6b59-levels,load,aggregate,1,1e+04,14,16.65,14.84,5,1
9cc6b59-levels,load,aggregate,1,1e+04,15,8.28,6.20,5,1
9cc6b59-levels,load,aggregate,1,1e+04,16,10.45,7.96,4,1
9cc6b59-levels,load,aggregate,1,1e+04,17,9.20,7.16,5,1
9cc6b59-levels,load,aggregate,1,1e+04,18,7.68,5.60,5,1
9cc6b59-levels,load,aggregate,1,1e+04,19,14.85,12.91,5,1
9cc6b59-levels,load,aggregate,1,1.778e+04,0,11.56,9.87,6,1
9cc6b59-levels,load,aggregate,1,1.778e+04,1,7.54,5.86,3,1
9cc6b59-levels,load,aggregate,1,1.778e+04,2,7.45,5.52,4,1
9cc6b59-levels,load,aggregate,1,1.778e+04,3,8.79,7.41,6,1
9cc6b59-levels,load,aggregate,1,1.778e+04,4,13.44,11.70,6,1
9cc6b59-levels,load,aggregate,1,1.778e+04,5,15.10,13.41,4,1
9cc6b59-levels,load,aggregate,1,1.778e+04,6,10.54,9.06,6,1
9cc6b59-levels,load,aggregate,1,1.778e+04,7,8.34,6.98,6,1
9cc6b59-levels,load,aggregate,1,1.778e+04,8,8.25,6.71,3,1
9cc6b59-levels,load,aggregate,1,1.778e+04,9,9.78,8.28,5,1
9cc6b59-levels,load,aggregate,1,1.778e+04,10,16.86,15.19,5,1
9cc6b59-levels,load,aggregate,1,1.778e+04,11,15.17,13.69,6,1
9cc6b59-levels,load,aggregate,1,1.778e+04,12,12.65,11.16,6,1
9cc6b59-levels,load,aggregate,1,1.778e+04,13,8.43,6.94,5,1
9cc6b59-levels,load,aggregate,1,1.778e+04,14,10.08,8.14,5,1
9cc6b59-levels,load,aggregate,1,1.778e+04,15,18.54,16.89,6,1
9cc6b59-levels,load,aggregate,1,1.778e+04,16,9.04,7.54,4,1
9cc6b59-levels,load,aggregate,1,1.778e+04,17,9.74,8.36,5,1
9cc6b59-levels,load,aggregate,1,1.778e+04,18,9.18,7.62,5,1
9cc6b59-levels,load,aggregate,1,1.778e+04,19,8.17,6.73,4,1
9cc6b59-levels,load,aggregate,1,3.162e+04,0,9.06,7.61,6,1
9cc6b59-levels,load,aggregate,1,3.162e+04,1,16.63,14.35,6,1
9cc6b59-levels,load,aggregate,1,3.162e+04,2,18.28,16.48,6,1
9cc6b59-levels,load,aggregate,1,3.162e+04,3,26.24,24.76,6,1
9cc6b59-levels,load,aggregate,1,3.162e+04,4,12.85,10.97,5,1
9cc6b59-levels,load,aggregate,1,3.162e+04,5,13.47,11.73,6,1
9cc6b59-levels,load,aggregate,1,3.162e+04,6,12.84,11.26,6,1
9cc6b59-levels,load,aggregate,1,3.162e+04,7,11.90,10.31,6,1
9cc6b59-levels,load,aggregate,1,3.162e+04,8,12.51,11.19,5,1
9cc6b59-levels,load,aggregate,1,3.162e+04,9,13.99,12.42,6,1
9cc6b59-levels,load,aggregate,1,3.162e+04,10,8.32,6.88,5,1
9cc6b59-levels,load,aggregate,1,3.162e+04,11,22.85,21.31,6,1
9cc6b59-levels,load,aggregate,1,3.162e+04,12,8.17,6.70,4,1
9cc6b59-levels,load,aggregate,1,3.162e+04,13,7.63,6.23,4,1
9cc6b59-levels,load,aggregate,1,3.162e+04,14,12.86,11.36,3,1
9cc6b59-levels,load,aggregate,1,3.162e+04,15,8.66,7.20,5,1
9cc6b59-levels,load,aggregate,1,3.162e+04,16,8.31,6.79,5,1
9cc6b59-levels,load,aggregate,1,3.162e+04,17,11.59,9.34,6,1
9cc6b59-levels,load,aggregate,1,3.162e+04,18,9.01,7.21,3,1
9cc6b59-levels,load,aggregate,1,3.162e+04,19,14.38,12.97,4,1
9cc6b59-levels,load,aggregate,1,5.623e+04,0,10.37,8.96,5,1
9cc6b59-levels,load,aggregate,1,5.623e+04,1,11.66,10.04,4,1
9cc6b59-levels,load,aggregate,1,5.623e+04,2,13.02,10.93,5,1
9cc6b59-levels,load,aggregate,1,5.623e+04,3,11.96,10.68,5,1
9cc6b59-levels,load,aggregate,1,5.623e+04,4,8.52,6.93,4,1
9cc6b59-levels,load,aggregate,1,5.623e+04,5,12.44,11.04,5,1
9cc6b59-levels,load,aggregate,1,5.623e+04,6,12.88,11.33,6,1
9cc6b59-levels,load,aggregate,1,5.623e+04,7,11.75,10.06,6,1
9cc6b59-levels,load,aggregate,1,5.623e+04,8,11.26,9.51,6,1
9cc6b59-levels,load,aggregate,1,5.623e+04,9,11.39,9.83,4,1
9cc6b59-levels,load,aggregate,1,5.623e+04,10,13.71,12.20,5,1
9cc6b59-levels,load,aggregate,1,5.623e+04,11,8.31,6.43,2,1
9cc6b59-levels,load,aggregate,1,5.623e+04,12,14.03,11.89,5,1
9cc6b59-levels,load,aggregate,1,5.623e+04,13,12.66,10.73,5,1
9cc6b59-levels,load,aggregate,1,5.623e+04,14,18.82,16.94,5,1
9cc6b59-levels,load,aggregate,1,5.623e+04,15,16.04,14.27,3,1
9cc6b59-levels,load,aggregate,1,5.623e+04,16,9.08,7.42,2,1
9cc6b59-levels,load,aggregate,1,5.623e+04,17,8.68,6.83,6,1
9cc6b59-levels,load,aggregate,1,5.623e+04,18,22.48,20.58,5,1
9cc6b59-levels,load,aggregate,1,5.623e+04,19,11.01,8.88,4,1
9cc6b59-levels,load,aggregate,6,1,0,11.12,8.28,6,6
9cc6b59-levels,load,aggregate,6,1,1,12.21,10.20,5,6
9cc6b59-levels,load,aggregate,6,1,2,16.68,14.44,6,6
9cc6b59-levels,load,aggregate,6,1,3,9.92,8.57,6,6
9cc6b59-levels,load,aggregate,6,1,4,12.42,10.39,8,6
9cc6b59-levels,load,aggregate,6,1,5,7.87,5.84,6,6
9cc6b59-levels,load,aggregate,6,1,6,8.72,6.51,6,6
9cc6b59-levels,load,aggregate,6,1,7,7.42,5.62,6,6
9cc6b59-levels,load,aggregate,6,1,8,7.45,5.02,6,6
9cc6b59-levels,load,aggregate,6,1,9,15.61,11.70,6,6
9cc6b59-levels,load,aggregate,6,1,10,13.17,10.51,6,6
9cc6b59-levels,load,aggregate,6,1,11,26.94,24.46,6,6
9cc6b59-levels,load,aggregate,6,1,12,7.85,5.79,6,6
9cc6b59-levels,load,aggregate,6,1,13,13.05,11.17,6,6
9cc6b59-levels,load,aggregate,6,1,14,10.99,9.10,6,6
9cc6b59-levels,load,aggregate,6,1,15,17.80,15.32,6,6
9cc6b59-levels,load,aggregate,6,1,16,12.16,10.44,6,6
9cc6b59-levels,load,aggregate,6,1,17,12.46,10.59,6,6
9cc6b59-levels,load,aggregate,6,1,18,8.78,5.79,7,6
9cc6b59-levels,load,aggregate,6,1,19,11.56,9.11,6,6
9cc6b59-levels,load,aggregate,6,1.778,0,7.81,6.14,6,6
9cc6b59-levels,load,aggregate,6,1.778,1,11.23,9.09,7,6
9cc6b59-levels,load,aggregate,6,1.778,2,9.43,7.77,7,6
9cc6b59-levels,load,aggregate,6,1.778,3,10.01,8.22,6,6
9cc6b59-levels,load,aggregate,6,1.778,4,11.46,7.67,6,6
9cc6b59-levels,load,aggregate,6,1.778,5,18.05,16.34,6,6
9cc6b59-levels,load,aggregate,6,1.778,6,10.71,7.59,8,6
9cc6b59-levels,load,aggregate,6,1.778,7,9.18,7.27,9,6
9cc6b59-levels,load,aggregate,6,1.778,8,11.92,9.82,5,6
9cc6b59-levels,load,aggregate,6,1.778,9,13.10,11.29,6,6
9cc6b59-levels,load,aggregate,6,1.778,10,14.26,11.50,5,6
9cc6b59-levels,load,aggregate,6,1.778,11,11.15,9.24,7,6
9cc6b59-levels,load,aggregate,6,1.778,12,11.72,9.34,6,6
9cc6b59-levels,load,aggregate,6,1.778,13,9.24,7.66,5,6
9cc6b59-levels,load,aggregate,6,1.778,14,11.38,9.56,6,6
9cc6b59-levels,load,aggregate,6,1.778,15,12.98,11.35,6,6
9cc6b59-levels,load,aggregate,6,1.778,16,7.93,6.12,6,6
9cc6b59-levels,load,aggregate,6,1.778,17,11.03,8.91,6,6
9cc6b59-levels,load,aggregate,6,1.778,18,11.84,9.72,9,6
9cc6b59-levels,load,aggregate,6,1.778,19,9.35,7.74,11,6
9cc6b59-levels,load,aggregate,6,3.162,0,17.03,14.92,11,6
9cc6b59-levels,load,aggregate,6,3.162,1,10.00,8.15,8,6
9cc6b59-levels,load,aggregate,6,3.162,2,8.06,6.22,6,6
9cc6b59-levels,load,aggregate,6,3.162,3,8.60,6.24,6,6
9cc6b59-levels,load,aggregate,6,3.162,4,6.38,4.77,6,6
9cc6b59-levels,load,aggregate,6,3.162,5,13.76,11.05,7,6
9cc6b59-levels,load,aggregate,6,3.162,6,14.57,13.10,6,6
9cc6b59-levels,load,aggregate,6,3.162,7,12.93,10.73,6,6
9cc6b59-levels,load,aggregate,6,3.162,8,8.13,5.73,6,6
9cc6b59-levels,load,aggregate,6,3.162,9,8.69,6.13,6,6
9cc6b59-levels,load,aggregate,6,3.162,10,10.27,8.52,8,6
9cc6b59-levels,load,aggregate,6,3.162,11,12.75,11.06,6,6
9cc6b59-levels,load,aggregate,6,3.162,12,11.67,9.37,6,6
9cc6b59-levels,load,aggregate,6,3.162,13,11.90,10.29,6,6
9cc6b59-levels,load,aggregate,6,3.162,14,11.58,9.96,6,6
9cc6b59-levels,load,aggregate,6,3.162,15,8.91,7.35,6,6
9cc6b59-levels,load,aggregate,6,3.162,16,7.45,4.80,6,6
9cc6b59-levels,load,aggregate,6,3.162,17,12.44,9.61,6,6
9cc6b59-levels,load,aggregate,6,3.162,18,23.66,20.92,6,6
9cc6b59-levels,load,aggregate,6,3.162,19,22.50,20.50,6,6
9cc6b59-levels,load,aggregate,6,5.623,0,9.50,7.53,6,6
9cc6b59-levels,load,aggregate,6,5.623,1,11.98,10.02,6,6
9cc6b59-levels,load,aggregate,6,5.623,2,8.63,7.06,6,6
9cc6b59-levels,load,aggregate,6,5.623,3,12.30,9.88,6,6
9cc6b59-levels,load,aggregate,6,5.623,4,8.88,7.13,6,6
9cc6b59-levels,load,aggregate,6,5.623,5,10.90,9.30,6,6
9cc6b59-levels,load,aggregate,6,5.623,6,9.18,6.95,6,6
9cc6b59-levels,load,aggregate,6,5.623,7,13.90,12.30,6,6
9cc6b59-levels,load,aggregate,6,5.623,8,9.12,7.54,6,6
9cc6b59-levels,load,aggregate,6,5.623,9,9.87,7.71,6,6
9cc6b59-levels,load,aggregate,6,5.623,10,11.35,9.60,6,6
9cc6b59-levels,load,aggregate,6,5.623,11,16.73,14.74,8,6
9cc6b59-levels,load,aggregate,6,5.623,12,12.22,10.51,6,6
9cc6b59-levels,load,aggregate,6,5.623,13,7.87,6.03,6,6
9cc6b59-levels,load,aggregate,6,5.623,14,7.17,5.10,6,6
9cc6b59-levels,load,aggregate,6,5.623,15,9.53,7.65,7,6
9cc6b59-levels,load,aggregate,6,5.623,16,10.85,9.31,6,6
9cc6b59-levels,load,aggregate,6,5.623,17,8.04,6.67,6,6
9cc6b59-levels,load,aggregate,6,5.623,18,7.12,5.36,6,6
9cc6b59-levels,load,aggregate,6,5.623,19,9.86,5.55,6,6
9cc6b59-levels,load,aggregate,6,10,0,13.75,11.77,6,6
9cc6b59-levels,load,aggregate,6,10,1,13.25,11.33,6,6
9cc6b59-levels,load,aggregate,6,10,2,11.39,9.34,6,6
9cc6b59-levels,load,aggregate,6,10,3,7.88,6.25,9,6
9cc6b59-levels,load,aggregate,6,10,4,10.50,8.81,6,6
9cc6b59-levels,load,aggregate,6,10,5,10.23,7.05,6,6
9cc6b59-levels,load,aggregate,6,10,6,13.15,11.09,6,6
9cc6b59-levels,load,aggregate,6,10,7,11.47,9.37,6,6
9cc6b59-levels,load,aggregate,6,10,8,9.57,7.78,6,6
9cc6b59-levels,load,aggregate,6,10,9,11.49,9.47,6,6
9cc6b59-levels,load,aggregate,6,10,10,12.14,7.82,6,6
9cc6b59-levels,load,aggregate,6,10,11,16.13,14.18,8,6
9cc6b59-levels,load,aggregate,6,10,12,9.20,6.46,6,6
9cc6b59-levels,load,aggregate,6,10,13,8.75,6.43,9,6
9cc6b59-levels,load,aggregate,6,10,14,12.60,10.57,6,6
9cc6b59-levels,load,aggregate,6,10,15,11.37,9.50,8,6
9cc6b59-levels,load,aggregate,6,10,16,12.70,10.99,7,6
9cc6b59-levels,load,aggregate,6,10,17,9.48,7.50,6,6
9cc6b59-levels,load,aggregate,6,10,18,9.21,7.08,9,6
9cc6b59-levels,load,aggregate,6,10,19,8.26,5.99,8,6
9cc6b59-levels,load,aggregate,6,17.78,0,12.58,10.50,6,6
9cc6b59-levels,load,aggregate,6,17.78,1,9.99,8.41,6,6
9cc6b59-levels,load,aggregate,6,17.78,2,12.18,9.65,6,6
9cc6b59-levels,load,aggregate,6,17.78,3,13.25,11.30,6,6
9cc6b59-levels,load,aggregate,6,17.78,4,11.42,9.96,6,6
9cc6b59-levels,load,aggregate,6,17.78,5,11.24,9.33,6,6
9cc6b59-levels,load,aggregate,6,17.78,6,6.63,4.60,6,6
9cc6b59-levels,load,aggregate,6,17.78,7,16.25,14.59,6,6
9cc6b59-levels,load,aggregate,6,17.78,8,24.95,22.85,6,6
9cc6b59-levels,load,aggregate,6,17.78,9,22.05,19.42,6,6
9cc6b59-levels,load,aggregate,6,17.78,10,21.51,19.49,6,6
9cc6b59-levels,load,aggregate,6,17.78,11,7.47,5.37,6,6
9cc6b59-levels,load,aggregate,6,17.78,12,13.05,10.58,6,6
9cc6b59-levels,load,aggregate,6,17.78,13,13.25,10.97,6,6
9cc6b59-levels,load,aggregate,6,17.78,14,15.60,12.73,6,6
9cc6b59-levels,load,aggregate,6,17.78,15,11.93,8.92,6,6
9cc6b59-levels,load,aggregate,6,17.78,16,17.71,15.60,9,6
9cc6b59-levels,load,aggregate,6,17.78,17,7.70,5.55,7,6
9cc6b59-levels,load,aggregate,6,17.78,18,7.12,5.43,6,6
9cc6b59-levels,load,aggregate,6,17.78,19,15.13,13.04,6,6
9cc6b59-levels,load,aggregate,6,31.62,0,6.68,4.00,6,6
9cc6b59-levels,load,aggregate,6,31.62,1,12.41,10.76,6,6
9cc6b59-levels,load,aggregate,6,31.62,2,13.76,11.97,6,6
9cc6b59-levels,load,aggregate,6,31.62,3,10.10,8.26,6,6
9cc6b59-levels,load,aggregate,6,31.62,4,10.46,8.08,7,6
9cc6b59-levels,load,aggregate,6,31.62,5,10.72,9.08,9,6
9cc6b59-levels,load,aggregate,6,31.62,6,13.46,11.02,6,6
9cc6b59-levels,load,aggregate,6,31.62,7,13.42,10.79,6,6
9cc6b59-levels,load,aggregate,6,31.62,8,10.17,8.09,6,6
9cc6b59-levels,load,aggregate,6,31.62,9,18.91,16.55,6,6
9cc6b59-levels,load,aggregate,6,31.62,10,8.98,6.94,6,6
9cc6b59-levels,load,aggregate,6,31.62,11,13.28,11.45,6,6
9cc6b59-levels,load,aggregate,6,31.62,12,14.04,12.14,6,6
9cc6b59-levels,load,aggregate,6,31.62,13,7.44,5.84,6,6
9cc6b59-levels,load,aggregate,6,31.62,14,15.28,13.50,6,6
9cc6b59-levels,load,aggregate,6,31.62,15,10.98,8.78,6,6
9cc6b59-levels,load,aggregate,6,31.62,16,6.96,5.36,6,6
9cc6b59-levels,load,aggregate,6,31.62,17,9.15,7.44,6,6
9cc6b59-levels,load,aggregate,6,31.62,18,14.39,12.55,6,6
9cc6b59-levels,load,aggregate,6,31.62,19,13.26,11.05,6,6
9cc6b59-levels,load,aggregate,6,56.23,0,13.17,11.56,12,6
9cc6b59-levels,load,aggregate,6,56.23,1,17.07,14.96,12,6
9cc6b59-levels,load,aggregate,6,56.23,2,12.54,10.42,12,6
9cc6b59-levels,load,aggregate,6,56.23,3,15.48,13.52,12,6
9cc6b59-levels,load,aggregate,6,56.23,4,12.20,9.37,7,6
9cc6b59-levels,load,aggregate,6,56.23,5,12.62,10.46,6,6
9cc6b59-levels,load,aggregate,6,56.23,6,14.86,12.68,6,6
9cc6b59-levels,load,aggregate,6,56.23,7,10.42,8.13,5,6
9cc6b59-levels,load,aggregate,6,56.23,8,15.35,13.69,6,6
9cc6b59-levels,load,aggregate,6,56.23,9,9.84,7.80,6,6
9cc6b59-levels,load,aggregate,6,56.23,10,12.66,9.89,6,6
9cc6b59-levels,load,aggregate,6,56.23,11,9.42,7.77,6,6
9cc6b59-levels,load,aggregate,6,56.23,12,6.37,4.38,6,6
9cc6b59-levels,load,aggregate,6,56.23,13,18.58,17.39,6,6
9cc6b59-levels,load,aggregate,6,56.23,14,22.78,20.37,6,6
9cc6b59-levels,load,aggregate,6,56.23,15,24.69,22.57,6,6
9cc6b59-levels,load,aggregate,6,56.23,16,16.85,13.93,6,6
9cc6b59-levels,load,aggregate,6,56.23,17,13.24,11.35,8,6
9cc6b59-levels,load,aggregate,6,56.23,18,9.67,7.12,6,6
9cc6b59-levels,load,aggregate,6,56.23,19,16.22,9.21,8,6
9cc6b59-levels,load,aggregate,6,100,0,18.32,16.66,18,6
9cc6b59-levels,load,aggregate,6,100,1,6.55,4.78,6,6
9cc6b59-levels,load,aggregate,6,100,2,11.65,9.51,13,6
9cc6b59-levels,load,aggregate,6,100,3,13.15,10.93,12,6
9cc6b59-levels,load,aggregate,6,100,4,15.81,14.03,17,6
9cc6b59-levels,load,aggregate,6,100,5,18.23,16.81,12,6
9cc6b59-levels,load,aggregate,6,100,6,12.66,10.85,11,6
9cc6b59-levels,load,aggregate,6,100,7,15.65,13.91,12,6
9cc6b59-levels,load,aggregate,6,100,8,11.36,9.51,6,6
9cc6b59-levels,load,aggregate,6,100,9,19.90,16.81,12,6
9cc6b59-levels,load,aggregate,6,100,10,12.22,9.79,8,6
9cc6b59-levels,load,aggregate,6,100,11,18.39,16.17,12,6
9cc6b59-levels,load,aggregate,6,100,12,17.09,15.31,14,6
9cc6b59-levels,load,aggregate,6,100,13,15.11,12.83,11,6
9cc6b59-levels,load,aggregate,6,100,14,15.19,12.80,12,6
9cc6b59-levels,load,aggregate,6,100,15,12.43,10.26,11,6
9cc6b59-levels,load,aggregate,6,100,16,7.86,6.28,8,6
9cc6b59-levels,load,aggregate,6,100,17,9.19,7.31,6,6
9cc6b59-levels,load,aggregate,6,100,18,14.34,12.46,11,6
9cc6b59-levels,load,aggregate,6,100,19,8.11,5.30,8,6
9cc6b59-levels,load,aggregate,6,177.8,0,13.43,11.35,12,6
9cc6b59-levels,load,aggregate,6,177.8,1,11.95,10.08,7,6
9cc6b59-levels,load,aggregate,6,177.8,2,11.70,9.81,12,6
9cc6b59-levels,load,aggregate,6,177.8,3,19.43,18.01,15,6
9cc6b59-levels,load,aggregate,6,177.8,4,18.66,16.64,12,6
9cc6b59-levels,load,aggregate,6,177.8,5,12.92,10.67,8,6
9cc6b59-levels,load,aggregate,6,177.8,6,11.95,10.24,11,6
9cc6b59-levels,load,aggregate,6,177.8,7,24.58,21.70,11,6
9cc6b59-levels,load,aggregate,6,177.8,8,12.96,11.01,12,6
9cc6b59-levels,load,aggregate,6,177.8,9,11.91,10.03,12,6
9cc6b59-levels,load,aggregate,6,177.8,10,14.14,11.78,12,6
9cc6b59-levels,load,aggregate,6,177.8,11,15.98,13.27,13,6
9cc6b59-levels,load,aggregate,6,177.8,12,13.66,10.51,12,6
9cc6b59-levels,load,aggregate,6,177.8,13,12.71,10.76,12,6
9cc6b59-levels,load,aggregate,6,177.8,14,13.78,11.92,13,6
9cc6b59-levels,load,aggregate,6,177.8,15,23.87,21.77,14,6
9cc6b59-levels,load,aggregate,6,177.8,16,16.37,13.41,11,6
9cc6b59-levels,load,aggregate,6,177.8,17,21.50,19.10,12,6
9cc6b59-levels,load,aggregate,6,177.8,18,25.65,23.38,11,6
9cc6b59-levels,load,aggregate,6,177.8,19,21.12,18.60,12,6
9cc6b59-levels,load,aggregate,6,316.2,0,14.32,12.02,13,6
9cc6b59-levels,load,aggregate,6,316.2,1,10.58,8.79,7,6
9cc6b59-levels,load,aggregate,6,316.2,2,17.14,14.90,12,6
9cc6b59-levels,load,aggregate,6,316.2,3,15.96,13.86,17,6
9cc6b59-levels,load,aggregate,6,316.2,4,16.78,14.68,16,6
9cc6b59-levels,load,aggregate,6,316.2,5,18.19,16.26,17,6
9cc6b59-levels,load,aggregate,6,316.2,6,15.56,13.40,12,6
9cc6b59-levels,load,aggregate,6,316.2,7,13.96,12.46,11,6
9cc6b59-levels,load,aggregate,6,316.2,8,14.01,11.75,12,6
9cc6b59-levels,load,aggregate,6,316.2,9,18.32,16.30,18,6
9cc6b59-levels,load,aggregate,6,316.2,10,18.96,16.82,12,6
9cc6b59-levels,load,aggregate,6,316.2,11,11.26,9.48,10,6
9cc6b59-levels,load,aggregate,6,316.2,12,13.30,11.52,12,6
9cc6b59-levels,load,aggregate,6,316.2,13,16.43,14.51,10,6
9cc6b59-levels,load,aggregate,6,316.2,14,25.66,23.55,12,6
9cc6b59-levels,load,aggregate,6,316.2,15,13.61,11.15,12,6
9cc6b59-levels,load,aggregate,6,316.2,16,18.84,16.13,18,6
9cc6b59-levels,load,aggregate,6,316.2,17,14.40,11.61,11,6
9cc6b59-levels,load,aggregate,6,316.2,18,16.37,13.79,10,6
9cc6b59-levels,load,aggregate,6,316.2,19,22.56,20.54,18,6
9cc6b59-levels,load,aggregate,6,562.3,0,13.40,10.58,13,6
9cc6b59-levels,load,aggregate,6,562.3,1,15.30,13.60,12,6
9cc6b59-levels,load,aggregate,6,562.3,2,16.98,13.64,12,6
9cc6b59-levels,load,aggregate,6,562.3,3,18.08,16.10,17,6
9cc6b59-levels,load,aggregate,6,562.3,4,19.28,17.15,23,6
9cc6b59-levels,load,aggregate,6,562.3,5,15.90,13.58,11,6
9cc6b59-levels,load,aggregate,6,562.3,6,12.98,11.14,12,6
9cc6b59-levels,load,aggregate,6,562.3,7,24.09,21.96,24,6
9cc6b59-levels,load,aggregate,6,562.3,8,20.84,18.74,19,6
9cc6b59-levels,load,aggregate,6,562.3,9,26.34,24.75,24,6
9cc6b59-levels,load,aggregate,6,562.3,10,19.18,17.38,19,6
9cc6b59-levels,load,aggregate,6,562.3,11,19.46,16.59,16,6
9cc6b59-levels,load,aggregate,6,562.3,12,13.49,12.22,15,6
9cc6b59-levels,load,aggregate,6,562.3,13,20.81,18.29,18,6
9cc6b59-levels,load,aggregate,6,562.3,14,20.32,17.02,15,6
9cc6b59-levels,load,aggregate,6,562.3,15,17.48,15.15,12,6
9cc6b59-levels,load,aggregate,6,562.3,16,24.78,22.64,17,6
9cc6b59-levels,load,aggregate,6,562.3,17,16.74,14.99,11,6
9cc6b59-levels,load,aggregate,6,562.3,18,21.00,16.96,14,6
9cc6b59-levels,load,aggregate,6,562.3,19,19.04,16.15,16,6
9cc6b59-levels,load,aggregate,6,1000,0,27.53,24.85,22,6
9cc6b59-levels,load,aggregate,6,1000,1,18.75,16.16,18,6
9cc6b59-levels,load,aggregate,6,1000,2,16.40,13.94,17,6
9cc6b59-levels,load,aggregate,6,1000,3,31.38,29.70,20,6
9cc6b59-levels,load,aggregate,6,1000,4,17.33,15.50,18,6
9cc6b59-levels,load,aggregate,6,1000,5,21.48,19.11,25,6
9cc6b59-levels,load,aggregate,6,1000,6,25.23,23.49,24,6
9cc6b59-levels,load,aggregate,6,1000,7,16.37,14.61,12,6
9cc6b59-levels,load,aggregate,6,1000,8,15.79,14.27,16,6
9cc6b59-levels,load,aggregate,6,1000,9,19.48,17.64,23,6
9cc6b59-levels,load,aggregate,6,1000,10,24.30,22.15,22,6
9cc6b59-levels,load,aggregate,6,1000,11,23.48,20.02,17,6
9cc6b59-levels,load,aggregate,6,1000,12,22.21,20.17,21,6
9cc6b59-levels,load,aggregate,6,1000,13,18.00,15.20,21,6
9cc6b59-levels,load,aggregate,6,1000,14,20.11,18.16,21,6
9cc6b59-levels,load,aggregate,6,1000,15,25.41,22.70,23,6
9cc6b59-levels,load,aggregate,6,1000,16,34.63,32.07,22,6
9cc6b59-levels,load,aggregate,6,1000,17,23.51,21.16,24,6
9cc6b59-levels,load,aggregate,6,1000,18,15.21,13.57,13,6
9cc6b59-levels,load,aggregate,6,1000,19,36.49,34.77,24,6
9cc6b59-levels,load,aggregate,6,1778,0,19.35,16.60,17,6
9cc6b59-levels,load,aggregate,6,1778,1,18.71,16.55,15,6
9cc6b59-levels,load,aggregate,6,1778,2,22.42,20.29,16,6
9cc6b59-levels,load,aggregate,6,1778,3,22.73,20.33,24,6
9cc6b59-levels,load,aggregate,6,1778,4,16.01,12.67,16,6
9cc6b59-levels,load,aggregate,6,1778,5,21.35,18.75,26,6
9cc6b59-levels,load,aggregate,6,1778,6,32.07,28.96,23,6
9cc6b59-levels,load,aggregate,6,1778,7,24.45,22.06,21,6
9cc6b59-levels,load,aggregate,6,1778,8,29.72,26.99,24,6
9cc6b59-levels,load,aggregate,6,1778,9,24.92,22.45,22,6
9cc6b59-levels,load,aggregate,6,1778,10,25.66,23.24,23,6
9cc6b59-levels,load,aggregate,6,1778,11,19.23,17.23,23,6
9cc6b59-levels,load,aggregate,6,1778,12,19.63,17.32,21,6
9cc6b59-levels,load,aggregate,6,1778,13,28.53,26.36,24,6
9cc6b59-levels,load,aggregate,6,1778,14,23.36,21.01,24,6
9cc6b59-levels,load,aggregate,6,1778,15,23.27,21.37,24,6
9cc6b59-levels,load,aggregate,6,1778,16,19.72,17.61,24,6
9cc6b59-levels,load,aggregate,6,1778,17,17.61,14.12,18,6
9cc6b59-levels,load,aggregate,6,1778,18,19.00,16.73,21,6
9cc6b59-levels,load,aggregate,6,1778,19,18.88,17.02,19,6
9cc6b59-levels,load,aggregate,6,3162,0,32.08,29.77,22,6
9cc6b59-levels,load,aggregate,6,3162,1,20.65,19.04,24,6
9cc6b59-levels,load,aggregate,6,3162,2,20.50,18.28,24,6
9cc6b59-levels,load,aggregate,6,3162,3,22.34,19.91,12,6
9cc6b59-levels,load,aggregate,6,3162,4,23.38,20.86,24,6
9cc6b59-levels,load,aggregate,6,3162,5,18.79,15.24,17,6
9cc6b59-levels,load,aggregate,6,3162,6,19.03,16.39,21,6
9cc6b59-levels,load,aggregate,6,3162,7,24.53,21.99,21,6
9cc6b59-levels,load,aggregate,6,3162,8,23.60,20.81,24,6
9cc6b59-levels,load,aggregate,6,3162,9,22.99,20.73,21,6
9cc6b59-levels,load,aggregate,6,3162,10,22.57,20.46,25,6
9cc6b59-levels,load,aggregate,6,3162,11,14.06,12.10,12,6
9cc6b59-levels,load,aggregate,6,3162,12,27.89,25.57,25,6
9cc6b59-levels,load,aggregate,6,3162,13,27.18,24.90,24,6
9cc6b59-levels,load,aggregate,6,3162,14,19.08,16.36,18,6
9cc6b59-levels,load,aggregate,6,3162,15,23.93,21.28,18,6
9cc6b59-levels,load,aggregate,6,3162,16,29.80,27.26,24,6
9cc6b59-levels,load,aggregate,6,3162,17,29.97,27.81,24,6
9cc6b59-levels,load,aggregate,6,3162,18,26.78,24.60,24,6
9cc6b59-levels,load,aggregate,6,3162,19,17.73,14.98,20,6
9cc6b59-levels,load,aggregate,6,5623,0,22.44,19.12,22,6
9cc6b59-levels,load,aggregate,6,5623,1,30.54,27.81,28,6
9cc6b59-levels,load,aggregate,6,5623,2,24.66,20.68,24,6
9cc6b59-levels,load,aggregate,6,5623,3,13.80,11.11,14,6
9cc6b59-levels,load,aggregate,6,5623,4,35.66,33.34,28,6
9cc6b59-levels,load,aggregate,6,5623,5,26.69,23.71,28,6
9cc6b59-levels,load,aggregate,6,5623,6,24.90,22.50,22,6
9cc6b59-levels,load,aggregate,6,5623,7,18.73,16.47,21,6
9cc6b59-levels,load,aggregate,6,5623,8,19.90,17.06,17,6
9cc6b59-levels,load,aggregate,6,5623,9,20.94,18.92,23,6
9cc6b59-levels,load,aggregate,6,5623,10,28.87,25.48,30,6
9cc6b59-levels,load,aggregate,6,5623,11,25.61,23.02,24,6
9cc6b59-levels,load,aggregate,6,5623,12,24.60,22.72,24,6
9cc6b59-levels,load,aggregate,6,5623,13,20.01,17.55,21,6
9cc6b59-levels,load,aggregate,6,5623,14,25.30,22.87,30,6
9cc6b59-levels,load,aggregate,6,5623,15,23.09,19.74,23,6
9cc6b59-levels,load,aggregate,6,5623,16,15.95,13.93,16,6
9cc6b59-levels,load,aggregate,6,5623,17,25.73,23.37,27,6
9cc6b59-levels,load,aggregate,6,5623,18,21.23,19.12,13,6
9cc6b59-levels,load,aggregate,6,5623,19,30.77,27.73,31,6
9cc6b59-levels,load,aggregate,6,1e+04,0,30.05,27.42,30,6
9cc6b59-levels,load,aggregate,6,1e+04,1,27.79,24.28,30,6
9cc6b59-levels,load,aggregate,6,1e+04,2,15.05,11.81,14,6
9cc6b59-levels,load,aggregate,6,1e+04,3,26.54,23.46,31,6
9cc6b59-levels,load,aggregate,6,1e+04,4,23.34,20.90,28,6
9cc6b59-levels,load,aggregate,6,1e+04,5,22.74,20.04,16,6
9cc6b59-levels,load,aggregate,6,1e+04,6,32.09,29.02,28,6
9cc6b59-levels,load,aggregate,6,1e+04,7,41.66,39.07,31,6
9cc6b59-levels,load,aggregate,6,1e+04,8,28.92,25.45,34,6
9cc6b59-levels,load,aggregate,6,1e+04,9,26.98,24.40,25,6
9cc6b59-levels,load,aggregate,6,1e+04,10,24.54,21.95,27,6
9cc6b59-levels,load,aggregate,6,1e+04,11,24.37,21.98,23,6
9cc6b59-levels,load,aggregate,6,1e+04,12,27.07,24.89,25,6
9cc6b59-levels,load,aggregate,6,1e+04,13,26.11,24.22,33,6
9cc6b59-levels,load,aggregate,6,1e+04,14,25.72,22.74,28,6
9cc6b59-levels,load,aggregate,6,1e+04,15,25.85,22.81,19,6
9cc6b59-levels,load,aggregate,6,1e+04,16,27.86,25.26,28,6
9cc6b59-levels,load,aggregate,6,1e+04,17,24.99,21.54,28,6
9cc6b59-levels,load,aggregate,6,1e+04,18,20.92,17.81,19,6
9cc6b59-levels,load,aggregate,6,1e+04,19,26.20,22.47,27,6
9cc6b59-levels,load,aggregate,6,1.778e+04,0,23.62,20.47,22,6
9cc6b59-levels,load,aggregate,6,1.778e+04,1,22.54,20.27,28,6
9cc6b59-levels,load,aggregate,6,1.778e+04,2,28.68,25.42,25,6
9cc6b59-levels,load,aggregate,6,1.778e+04,3,29.76,25.86,34,6
9cc6b59-levels,load,aggregate,6,1.778e+04,4,17.41,15.83,20,6
9cc6b59-levels,load,aggregate,6,1.778e+04,5,26.91,24.20,31,6
9cc6b59-levels,load,aggregate,6,1.778e+04,6,29.71,27.84,30,6
9cc6b59-levels,load,aggregate,6,1.778e+04,7,20.62,18.04,24,6
9cc6b59-levels,load,aggregate,6,1.778e+04,8,20.18,18.16,27,6
9cc6b59-levels,load,aggregate,6,1.778e+04,9,29.73,27.98,25,6
9cc6b59-levels,load,aggregate,6,1.778e+04,10,28.81,25.87,36,6
9cc6b59-levels,load,aggregate,6,1.778e+04,11,30.17,26.65,30,6
9cc6b59-levels,load,aggregate,6,1.778e+04,12,54.03,51.31,32,6
9cc6b59-levels,load,aggregate,6,1.778e+04,13,40.69,38.23,27,6
9cc6b59-levels,load,aggregate,6,1.778e+04,14,31.53,27.92,25,6
9cc6b59-levels,load,aggregate,6,1.778e+04,15,26.26,23.51,25,6
9cc6b59-levels,load,aggregate,6,1.778e+04,16,23.66,20.83,28,6
9cc6b59-levels,load,aggregate,6,1.778e+04,17,17.96,15.68,20,6
9cc6b59-levels,load,aggregate,6,1.778e+04,18,28.15,25.73,31,6
9cc6b59-levels,load,aggregate,6,1.778e+04,19,31.95,28.09,27,6
9cc6b59-levels,load,aggregate,6,3.162e+04,0,32.27,29.71,28,6
9cc6b59-levels,load,aggregate,6,3.162e+04,1,24.58,22.07,31,6
9cc6b59-levels,load,aggregate,6,3.162e+04,2,29.28,27.28,30,6
9cc6b59-levels,load,aggregate,6,3.162e+04,3,23.74,21.63,30,6
9cc6b59-levels,load,aggregate,6,3.162e+04,4,34.88,32.02,30,6
9cc6b59-levels,load,aggregate,6,3.162e+04,5,22.27,19.34,24,6
9cc6b59-levels,load,aggregate,6,3.162e+04,6,22.65,19.69,28,6
9cc6b59-levels,load,aggregate,6,3.162e+04,7,24.06,21.34,26,6
9cc6b59-levels,load,aggregate,6,3.162e+04,8,22.60,17.15,23,6
9cc6b59-levels,load,aggregate,6,3.162e+04,9,46.59,43.32,30,6
9cc6b59-levels,load,aggregate,6,3.162e+04,10,42.18,38.76,27,6
9cc6b59-levels,load,aggregate,6,3.162e+04,11,27.78,25.37,34,6
9cc6b59-levels,load,aggregate,6,3.162e+04,12,33.88,31.06,34,6
9cc6b59-levels,load,aggregate,6,3.162e+04,13,27.56,24.26,33,6
9cc6b59-levels,load,aggregate,6,3.162e+04,14,26.20,23.57,31,6
9cc6b59-levels,load,aggregate,6,3.162e+04,15,26.99,24.10,30,6
9cc6b59-levels,load,aggregate,6,3.162e+04,16,32.56,30.24,27,6
9cc6b59-levels,load,aggregate,6,3.162e+04,17,27.74,25.31,26,6
9cc6b59-levels,load,aggregate,6,3.162e+04,18,38.75,36.31,20,6
9cc6b59-levels,load,aggregate,6,3.162e+04,19,32.44,28.72,30,6
9cc6b59-levels,load,aggregate,6,5.623e+04,0,28.07,24.73,27,6
9cc6b59-levels,load,aggregate,6,5.623e+04,1,27.84,24.16,33,6
9cc6b59-levels,load,aggregate,6,5.623e+04,2,25.00,22.62,31,6
9cc6b59-levels,load,aggregate,6,5.623e+04,3,35.63,33.49,39,6
9cc6b59-levels,load,aggregate,6,5.623e+04,4,33.96,30.86,42,6
9cc6b59-levels,load,aggregate,6,5.623e+04,5,23.48,21.47,23,6
9cc6b59-levels,load,aggregate,6,5.623e+04,6,31.52,25.73,30,6
9cc6b59-levels,load,aggregate,6,5.623e+04,7,29.79,27.61,24,6
9cc6b59-levels,load,aggregate,6,5.623e+04,8,33.20,30.95,28,6
9cc6b59-levels,load,aggregate,6,5.623e+04,9,23.21,20.59,30,6
9cc6b59-levels,load,aggregate,6,5.623e+04,10,25.49,23.05,30,6
9cc6b59-levels,load,aggregate,6,5.623e+04,11,27.55,25.29,28,6
9cc6b59-levels,load,aggregate,6,5.623e+04,12,23.18,20.36,27,6
9cc6b59-levels,load,aggregate,6,5.623e+04,13,32.07,29.77,25,6
9cc6b59-levels,load,aggregate,6,5.623e+04,14,24.64,22.34,31,6
9cc6b59-levels,load,aggregate,6,5.623e+04,15,30.90,27.61,42,6
9cc6b59-levels,load,aggregate,6,5.623e+04,16,31.77,28.61,31,6
9cc6b59-levels,load,aggregate,6,5.623e+04,17,26.63,23.76,30,6
9cc6b59-levels,load,aggregate,6,5.623e+04,18,32.65,30.67,42,6
9cc6b59-levels,load,aggregate,6,5.623e+04,19,23.28,20.61,25,6
9cc6b59-levels,load,aggregate,1,1e+05,0,11.99,9.87,6,1
9cc6b59-levels,load,aggregate,1,1e+05,1,9.92,8.10,7,1
9cc6b59-levels,load,aggregate,1,1e+05,2,10.44,8.29,6,1
9cc6b59-levels,load,aggregate,1,1e+05,3,8.99,7.47,4,1
9cc6b59-levels,load,aggregate,1,1e+05,4,15.71,14.03,6,1
9cc6b59-levels,load,aggregate,1,1e+05,5,15.42,13.82,7,1
9cc6b59-levels,load,aggregate,1,1e+05,6,10.42,8.18,7,1
9cc6b59-levels,load,aggregate,1,1e+05,7,14.17,11.18,7,1
9cc6b59-levels,load,aggregate,1,1e+05,8,9.96,8.42,7,1
9cc6b59-levels,load,aggregate,1,1e+05,9,14.20,12.22,7,1
9cc6b59-levels,load,aggregate,1,1e+05,10,12.95,10.44,6,1
9cc6b59-levels,load,aggregate,1,1e+05,11,19.12,16.49,7,1
9cc6b59-levels,load,aggregate,1,1e+05,12,10.32,7.75,7,1
9cc6b59-levels,load,aggregate,1,1e+05,13,12.78,11.06,6,1
9cc6b59-levels,load,aggregate,1,1e+05,14,12.68,10.60,7,1
9cc6b59-levels,load,aggregate,1,1e+05,15,10.18,8.60,8,1
9cc6b59-levels,load,aggregate,1,1e+05,16,15.27,13.73,7,1
9cc6b59-levels,load,aggregate,1,1e+05,17,17.15,12.28,7,1
9cc6b59-levels,load,aggregate,1,1e+05,18,12.51,10.74,7,1
9cc6b59-levels,load,aggregate,1,1e+05,19,16.38,13.93,7,1
9cc6b59-levels,load,aggregate,1,1.778e+05,0,13.45,11.25,5,1
9cc6b59-levels,load,aggregate,1,1.778e+05,1,14.29,8.29,7,1
9cc6b59-levels,load,aggregate,1,1.778e+05,2,13.55,11.62,7,1
9cc6b59-levels,load,aggregate,1,1.778e+05,3,13.30,11.79,6,1
9cc6b59-levels,load,aggregate,1,1.778e+05,4,13.79,12.13,6,1
9cc6b59-levels,load,aggregate,1,1.778e+05,5,10.93,8.82,6,1
9cc6b59-levels,load,aggregate,1,1.778e+05,6,13.14,11.08,7,1
9cc6b59-levels,load,aggregate,1,1.778e+05,7,11.79,9.62,7,1
9cc6b59-levels,load,aggregate,1,1.778e+05,8,14.07,12.04,4,1
9cc6b59-levels,load,aggregate,1,1.778e+05,9,12.56,10.53,6,1
9cc6b59-levels,load,aggregate,1,1.778e+05,10,13.92,11.94,6,1
9cc6b59-levels,load,aggregate,1,1.778e+05,11,12.01,10.30,2,1
9cc6b59-levels,load,aggregate,1,1.778e+05,12,15.21,13.55,8,1
9cc6b59-levels,load,aggregate,1,1.778e+05,13,16.44,14.23,7,1
9cc6b59-levels,load,aggregate,1,1.778e+05,14,12.03,10.35,7,1
9cc6b59-levels,load,aggregate,1,1.778e+05,15,10.15,8.85,7,1
9cc6b59-levels,load,aggregate,1,1.778e+05,16,10.68,9.09,6,1
9cc6b59-levels,load,aggregate,1,1.778e+05,17,10.53,8.93,7,1
9cc6b59-levels,load,aggregate,1,1.778e+05,18,10.40,8.73,7,1
9cc6b59-levels,load,aggregate,1,1.778e+05,19,9.61,8.04,7,1
9cc6b59-levels,load,aggregate,6,1e+05,0,24.99,22.96,34,6
9cc6b59-levels,load,aggregate,6,1e+05,1,45.95,43.37,41,6
9cc6b59-levels,load,aggregate,6,1e+05,2,45.66,43.24,40,6
9cc6b59-levels,load,aggregate,6,1e+05,3,44.53,41.45,34,6
9cc6b59-levels,load,aggregate,6,1e+05,4,40.35,38.10,42,6
9cc6b59-levels,load,aggregate,6,1e+05,5,34.57,32.26,39,6
9cc6b59-levels,load,aggregate,6,1e+05,6,43.21,37.98,38,6
9cc6b59-levels,load,aggregate,6,1e+05,7,41.18,38.44,42,6
9cc6b59-levels,load,aggregate,6,1e+05,8,43.24,39.49,39,6
9cc6b59-levels,load,aggregate,6,1e+05,9,35.63,32.64,33,6
9cc6b59-levels,load,aggregate,6,1e+05,10,38.94,35.89,42,6
9cc6b59-levels,load,aggregate,6,1e+05,11,33.75,29.54,40,6
9cc6b59-levels,load,aggregate,6,1e+05,12,42.10,39.13,39,6
9cc6b59-levels,load,aggregate,6,1e+05,13,45.22,42.68,38,6
9cc6b59-levels,load,aggregate,6,1e+05,14,39.85,37.39,39,6
9cc6b59-levels,load,aggregate,6,1e+05,15,37.21,34.51,34,6
9cc6b59-levels,load,aggregate,6,1e+05,16,37.28,34.96,42,6
9cc6b59-levels,load,aggregate,6,1e+05,17,39.05,36.52,34,6
9cc6b59-levels,load,aggregate,6,1e+05,18,32.96,29.89,36,6
9cc6b59-levels,load,aggregate,6,1e+05,19,38.80,37.00,42,6
9cc6b59-levels,load,aggregate,6,1.778e+05,0,63.24,60.31,38,6
9cc6b59-levels,load,aggregate,6,1.778e+05,1,51.44,47.52,32,6
9cc6b59-levels,load,aggregate,6,1.778e+05,2,26.47,22.50,26,6
9cc6b59-levels,load,aggregate,6,1.778e+05,3,44.48,41.86,42,6
9cc6b59-levels,load,aggregate,6,1.778e+05,4,29.69,27.49,32,6
9cc6b59-levels,load,aggregate,6,1.778e+05,5,25.62,23.91,29,6
9cc6b59-levels,load,aggregate,6,1.778e+05,6,31.25,29.49,28,6
9cc6b59-levels,load,aggregate,6,1.778e+05,7,38.29,36.04,39,6
9cc6b59-levels,load,aggregate,6,1.778e+05,8,29.70,27.79,38,6
9cc6b59-levels,load,aggregate,6,1.778e+05,9,30.61,27.90,32,6
9cc6b59-levels,load,aggregate,6,1.778e+05,10,36.69,34.58,36,6
9cc6b59-levels,load,aggregate,6,1.778e+05,11,36.37,34.08,36,6
9cc6b59-levels,load,aggregate,6,1.778e+05,12,31.92,29.12,30,6
9cc6b59-levels,load,aggregate,6,1.778e+05,13,28.11,25.37,34,6
9cc6b59-levels,load,aggregate,6,1.778e+05,14,32.98,31.02,29,6
9cc6b59-levels,load,aggregate,6,1.778e+05,15,50.81,48.11,42,6
9cc6b59-levels,load,aggregate,6,1.778e+05,16,45.52,42.68,42,6
9cc6b59-levels,load,aggregate,6,1.778e+05,17,49.04,45.51,42,6
9cc6b59-levels,load,aggregate,6,1.778e+05,18,38.59,34.67,36,6
9cc6b59-levels,load,aggregate,6,1.778e+05,19,46.84,43.88,42,6
1c55406-levels-one-round-trip,load,aggregate,1,1,0,10.42,8.66,1,1
1c55406-levels-one-round-trip,load,aggregate,1,1,1,10.20,8.47,1,1
1c55406-levels-one-round-trip,load,aggregate,1,1,2,5.95,4.41,1,1
1c55406-levels-one-round-trip,load,aggregate,1,1,3,6.35,4.73,1,1
1c55406-levels-one-round-trip,load,aggregate,1,1,4,12.16,9.42,1,1
1c55406-levels-one-round-trip,load,aggregate,1,1,5,15.39,13.49,1,1
1c55406-levels-one-round-trip,load,aggregate,1,1,6,5.95,4.33,1,1
1c55406-levels-one-round-trip,load,aggregate,1,1,7,6.48,4.83,1,1
1c55406-levels-one-round-trip,load,aggregate,1,1,8,6.18,4.40,1,1
1c55406-levels-one-round-trip,load,aggregate,1,1,9,9.29,7.80,1,1
1c55406-levels-one-round-trip,load,aggregate,1,1,10,9.76,8.01,1,1
1c55406-levels-one-round-trip,load,aggregate,1,1,11,13.20,11.87,1,1
1c55406-levels-one-round-trip,load,aggregate,1,1,12,6.23,4.85,1,1
1c55406-levels-one-round-trip,load,aggregate,1,1,13,9.13,6.97,1,1
1c55406-levels-one-round-trip,load,aggregate,1,1,14,25.34,23.53,1,1
1c55406-levels-one-round-trip,load,aggregate,1,1,15,13.78,11.97,1,1
1c55406-levels-one-round-trip,load,aggregate,1,1,16,5.22,3.56,1,1
1c55406-levels-one-round-trip,load,aggregate,1,1,17,10.36,8.60,1,1
1c55406-levels-one-round-trip,load,aggregate,1,1,18,6.02,4.21,1,1
1c55406-levels-one-round-trip,load,aggregate,1,1,19,11.24,9.03,1,1
1c55406-levels-one-round-trip,load,aggregate,1,1.778,0,6.39,5.00,1,1
1c55406-levels-one-round-trip,load,aggregate,1,1.778,1,6.45,4.48,1,1
1c55406-levels-one-round-trip,load,aggregate,1,1.778,2,10.90,9.34,1,1
1c55406-levels-one-round-trip,load,aggregate,1,1.778,3,5.35,3.95,1,1
1c55406-levels-one-round-trip,load,aggregate,1,1.778,4,6.69,5.34,1,1
1c55406-levels-one-round-trip,load,aggregate,1,1.778,5,7.12,5.35,1,1
1c55406-levels-one-round-trip,load,aggregate,1,1.778,6,6.91,5.42,1,1
1c55406-levels-one-round-trip,load,aggregate,1,1.778,7,7.04,5.21,1,1
1c55406-levels-one-round-trip,load,aggregate,1,1.778,8,6.06,4.40,1,1
1c55406-levels-one-round-trip,load,aggregate,1,1.778,9,12.41,10.80,1,1
1c55406-levels-one-round-trip,load,aggregate,1,1.778,10,6.49,4.33,1,1
1c55406-levels-one-round-trip,load,aggregate,1,1.778,11,4.66,2.87,1,1
1c55406-levels-one-round-trip,load,aggregate,1,1.778,12,6.76,5.25,1,1
1c55406-levels-one-round-trip,load,aggregate,1,1.778,13,11.59,9.89,1,1
1c55406-levels-one-round-trip,load,aggregate,1,1.778,14,5.60,4.16,1,1
1c55406-levels-one-round-trip,load,aggregate,1,1.778,15,12.25,10.90,1,1
1c55406-levels-one-round-trip,load,aggregate,1,1.778,16,6.24,4.78,1,1
1c55406-levels-one-round-trip,load,aggregate,1,1.778,17,9.05,7.61,1,1
1c55406-levels-one-round-trip,load,aggregate,1,1.778,18,5.32,3.73,1,1
1c55406-levels-one-round-trip,load,aggregate,1,1.778,19,3.67,2.13,1,1
1c55406-levels-one-round-trip,load,aggregate,1,3.162,0,1.44,0.11,0,1
1c55406-levels-one-round-trip,load,aggregate,1,3.162,1,6.58,5.12,1,1
1c55406-levels-one-round-trip,load,aggregate,1,3.162,2,10.25,8.92,1,1
1c55406-levels-one-round-trip,load,aggregate,1,3.162,3,7.09,5.18,1,1
1c55406-levels-one-round-trip,load,aggregate,1,3.162,4,9.21,7.35,1,1
1c55406-levels-one-round-trip,load,aggregate,1,3.162,5,9.36,7.49,1,1
1c55406-levels-one-round-trip,load,aggregate,1,3.162,6,5.90,4.28,1,1
1c55406-levels-one-round-trip,load,aggregate,1,3.162,7,9.38,7.92,1,1
1c55406-levels-one-round-trip,load,aggregate,1,3.162,8,10.59,9.14,1,1
1c55406-levels-one-round-trip,load,aggregate,1,3.162,9,5.82,4.31,1,1
1c55406-levels-one-round-trip,load,aggregate,1,3.162,10,8.19,6.76,1,1
1c55406-levels-one-round-trip,load,aggregate,1,3.162,11,5.00,3.48,1,1
1c55406-levels-one-round-trip,load,aggregate,1,3.162,12,7.75,6.15,1,1
1c55406-levels-one-round-trip,load,aggregate,1,3.162,13,5.95,4.52,1,1
1c55406-levels-one-round-trip,load,aggregate,1,3.162,14,6.51,5.10,1,1
1c55406-levels-one-round-trip,load,aggregate,1,3.162,15,10.43,9.06,1,1
1c55406-levels-one-round-trip,load,aggregate,1,3.162,16,10.22,8.76,1,1
1c55406-levels-one-round-trip,load,aggregate,1,3.162,17,5.62,4.12,1,1
1c55406-levels-one-round-trip,load,aggregate,1,3.162,18,6.52,4.69,1,1
1c55406-levels-one-round-trip,load,aggregate,1,3.162,19,6.32,4.64,1,1
1c55406-levels-one-round-trip,load,aggregate,1,5.623,0,6.51,4.99,1,1
1c55406-levels-one-round-trip,load,aggregate,1,5.623,1,14.03,12.65,1,1
1c55406-levels-one-round-trip,load,aggregate,1,5.623,2,7.93,6.43,1,1
1c55406-levels-one-round-trip,load,aggregate,1,5.623,3,9.89,7.99,1,1
1c55406-levels-one-round-trip,load,aggregate,1,5.623,4,9.13,7.36,1,1
1c55406-levels-one-round-trip,load,aggregate,1,5.623,5,5.66,4.17,1,1
1c55406-levels-one-round-trip,load,aggregate,1,5.623,6,6.66,4.65,1,1
1c55406-levels-one-round-trip,load,aggregate,1,5.623,7,9.66,8.33,1,1
1c55406-levels-one-round-trip,load,aggregate,1,5.623,8,6.53,4.91,1,1
1c55406-levels-one-round-trip,load,aggregate,1,5.623,9,8.51,7.05,1,1
1c55406-levels-one-round-trip,load,aggregate,1,5.623,10,9.80,7.53,1,1
1c55406-levels-one-round-trip,load,aggregate,1,5.623,11,6.68,5.06,1,1
1c55406-levels-one-round-trip,load,aggregate,1,5.623,12,7.55,5.73,1,1
1c55406-levels-one-round-trip,load,aggregate,1,5.623,13,13.30,11.26,1,1
1c55406-levels-one-round-trip,load,aggregate,1,5.623,14,15.31,13.75,1,1
1c55406-levels-one-round-trip,load,aggregate,1,5.623,15,13.88,12.52,1,1
1c55406-levels-one-round-trip,load,aggregate,1,5.623,16,21.58,19.82,1,1
1c55406-levels-one-round-trip,load,aggregate,1,5.623,17,12.52,10.72,1,1
1c55406-levels-one-round-trip,load,aggregate,1,5.623,18,6.57,4.86,1,1
1c55406-levels-one-round-trip,load,aggregate,1,5.623,19,5.72,3.96,1,1
1c55406-levels-one-round-trip,load,aggregate,1,10,0,9.75,8.20,1,1
1c55406-levels-one-round-trip,load,aggregate,1,10,1,6.67,5.11,1,1
1c55406-levels-one-round-trip,load,aggregate,1,10,2,6.34,4.60,1,1
1c55406-levels-one-round-trip,load,aggregate,1,10,3,11.35,9.90,1,1
1c55406-levels-one-round-trip,load,aggregate,1,10,4,9.34,7.85,1,1
1c55406-levels-one-round-trip,load,aggregate,1,10,5,6.28,4.86,1,1
1c55406-levels-one-round-trip,load,aggregate,1,10,6,8.55,7.16,1,1
1c55406-levels-one-round-trip,load,aggregate,1,10,7,8.58,6.96,1,1
1c55406-levels-one-round-trip,load,aggregate,1,10,8,6.43,4.83,1,1
1c55406-levels-one-round-trip,load,aggregate,1,10,9,5.25,3.85,1,1
1c55406-levels-one-round-trip,load,aggregate,1,10,10,7.33,5.76,1,1
1c55406-levels-one-round-trip,load,aggregate,1,10,11,10.25,8.71,1,1
1c55406-levels-one-round-trip,load,aggregate,1,10,12,14.50,9.03,1,1
1c55406-levels-one-round-trip,load,aggregate,1,10,13,9.71,8.04,1,1
1c55406-levels-one-round-trip,load,aggregate,1,10,14,6.62,4.36,1,1
1c55406-levels-one-round-trip,load,aggregate,1,10,15,8.13,6.64,1,1
1c55406-levels-one-round-trip,load,aggregate,1,10,16,4.82,3.40,1,1
1c55406-levels-one-round-trip,load,aggregate,1,10,17,3.60,2.23,1,1
1c55406-levels-one-round-trip,load,aggregate,1,10,18,6.11,4.31,1,1
1c55406-levels-one-round-trip,load,aggregate,1,10,19,8.68,6.55,1,1
1c55406-levels-one-round-trip,load,aggregate,1,17.78,0,9.20,7.71,1,1
1c55406-levels-one-round-trip,load,aggregate,1,17.78,1,5.90,4.34,1,1
1c55406-levels-one-round-trip,load,aggregate,1,17.78,2,12.23,10.77,1,1
1c55406-levels-one-round-trip,load,aggregate,1,17.78,3,11.39,9.53,1,1
1c55406-levels-one-round-trip,load,aggregate,1,17.78,4,5.71,4.23,1,1
1c55406-levels-one-round-trip,load,aggregate,1,17.78,5,7.17,5.51,1,1
1c55406-levels-one-round-trip,load,aggregate,1,17.78,6,6.61,5.06,1,1
1c55406-levels-one-round-trip,load,aggregate,1,17.78,7,8.90,7.42,1,1
1c55406-levels-one-round-trip,load,aggregate,1,17.78,8,12.01,10.55,1,1
1c55406-levels-one-round-trip,load,aggregate,1,17.78,9,5.56,3.85,1,1
1c55406-levels-one-round-trip,load,aggregate,1,17.78,10,5.97,4.39,1,1
1c55406-levels-one-round-trip,load,aggregate,1,17.78,11,5.77,4.13,1,1
1c55406-levels-one-round-trip,load,aggregate,1,17.78,12,5.82,4.27,1,1
1c55406-levels-one-round-trip,load,aggregate,1,17.78,13,8.73,7.07,1,1
1c55406-levels-one-round-trip,load,aggregate,1,17.78,14,6.83,5.19,1,1
1c55406-levels-one-round-trip,load,aggregate,1,17.78,15,4.17,2.83,1,1
1c55406-levels-one-round-trip,load,aggregate,1,17.78,16,7.25,5.64,1,1
1c55406-levels-one-round-trip,load,aggregate,1,17.78,17,5.22,3.81,1,1
1c55406-levels-one-round-trip,load,aggregate,1,17.78,18,5.55,4.04,1,1
1c55406-levels-one-round-trip,load,aggregate,1,17.78,19,10.05,8.48,1,1
1c55406-levels-one-round-trip,load,aggregate,1,31.62,0,5.60,3.78,1,1
1c55406-levels-one-round-trip,load,aggregate,1,31.62,1,4.86,3.41,1,1
1c55406-levels-one-round-trip,load,aggregate,1,31.62,2,11.08,9.68,1,1
1c55406-levels-one-round-trip,load,aggregate,1,31.62,3,5.65,4.29,1,1
1c55406-levels-one-round-trip,load,aggregate,1,31.62,4,4.15,2.65,1,1
1c55406-levels-one-round-trip,load,aggregate,1,31.62,5,5.01,3.60,1,1
1c55406-levels-one-round-trip,load,aggregate,1,31.62,6,4.76,2.86,1,1
1c55406-levels-one-round-trip,load,aggregate,1,31.62,7,8.95,6.73,1,1
1c55406-levels-one-round-trip,load,aggregate,1,31.62,8,9.70,7.98,1,1
1c55406-levels-one-round-trip,load,aggregate,1,31.62,9,4.90,3.58,1,1
1c55406-levels-one-round-trip,load,aggregate,1,31.62,10,5.40,3.93,1,1
1c55406-levels-one-round-trip,load,aggregate,1,31.62,11,6.22,4.18,1,1
1c55406-levels-one-round-trip,load,aggregate,1,31.62,12,6.03,4.62,1,1
1c55406-levels-one-round-trip,load,aggregate,1,31.62,13,5.59,4.27,1,1
1c55406-levels-one-round-trip,load,aggregate,1,31.62,14,6.30,4.56,1,1
1c55406-levels-one-round-trip,load,aggregate,1,31.62,15,5.59,4.00,1,1
1c55406-levels-one-round-trip,load,aggregate,1,31.62,16,7.22,5.30,1,1
1c55406-levels-one-round-trip,load,aggregate,1,31.62,17,9.23,7.58,1,1
1c55406-levels-one-round-trip,load,aggregate,1,31.62,18,5.96,4.49,1,1
1c55406-levels-one-round-trip,load,aggregate,1,31.62,19,10.81,9.52,1,1
1c55406-levels-one-round-trip,load,aggregate,1,56.23,0,15.77,14.40,1,1
1c55406-levels-one-round-trip,load,aggregate,1,56.23,1,13.69,9.41,1,1
1c55406-levels-one-round-trip,load,aggregate,1,56.23,2,13.41,11.61,2,1
1c55406-levels-one-round-trip,load,aggregate,1,56.23,3,10.06,8.36,1,1
1c55406-levels-one-round-trip,load,aggregate,1,56.23,4,5.61,3.87,1,1
1c55406-levels-one-round-trip,load,aggregate,1,56.23,5,7.70,6.16,2,1
1c55406-levels-one-round-trip,load,aggregate,1,56.23,6,8.90,7.49,2,1
1c55406-levels-one-round-trip,load,aggregate,1,56.23,7,3.41,2.12,1,1
1c55406-levels-one-round-trip,load,aggregate,1,56.23,8,12.64,11.06,1,1
1c55406-levels-one-round-trip,load,aggregate,1,56.23,9,9.58,8.18,2,1
1c55406-levels-one-round-trip,load,aggregate,1,56.23,10,9.54,8.13,2,1
1c55406-levels-one-round-trip,load,aggregate,1,56.23,11,6.36,4.75,1,1
1c55406-levels-one-round-trip,load,aggregate,1,56.23,12,9.18,7.09,1,1
1c55406-levels-one-round-trip,load,aggregate,1,56.23,13,9.26,7.81,1,1
1c55406-levels-one-round-trip,load,aggregate,1,56.23,14,7.98,6.57,1,1
1c55406-levels-one-round-trip,load,aggregate,1,56.23,15,10.30,8.55,2,1
1c55406-levels-one-round-trip,load,aggregate,1,56.23,16,6.02,4.49,1,1
1c55406-levels-one-round-trip,load,aggregate,1,56.23,17,5.94,4.59,1,1
1c55406-levels-one-round-trip,load,aggregate,1,56.23,18,5.33,3.67,1,1
1c55406-levels-one-round-trip,load,aggregate,1,56.23,19,9.68,7.48,2,1
1c55406-levels-one-round-trip,load,aggregate,1,100,0,10.35,8.63,1,1
1c55406-levels-one-round-trip,load,aggregate,1,100,1,5.83,4.43,2,1
1c55406-levels-one-round-trip,load,aggregate,1,100,2,9.08,7.75,2,1
1c55406-levels-one-round-trip,load,aggregate,1,100,3,6.45,4.97,2,1
1c55406-levels-one-round-trip,load,aggregate,1,100,4,7.78,5.96,2,1
1c55406-levels-one-round-trip,load,aggregate,1,100,5,5.73,4.22,1,1
1c55406-levels-one-round-trip,load,aggregate,1,100,6,11.91,10.58,2,1
1c55406-levels-one-round-trip,load,aggregate,1,100,7,9.32,7.86,2,1
1c55406-levels-one-round-trip,load,aggregate,1,100,8,10.81,8.79,2,1
1c55406-levels-one-round-trip,load,aggregate,1,100,9,8.97,7.42,1,1
1c55406-levels-one-round-trip,load,aggregate,1,100,10,7.17,5.54,2,1
1c55406-levels-one-round-trip,load,aggregate,1,100,11,5.67,4.26,2,1
1c55406-levels-one-round-trip,load,aggregate,1,100,12,7.69,6.14,2,1
1c55406-levels-one-round-trip,load,aggregate,1,100,13,12.54,11.07,2,1
1c55406-levels-one-round-trip,load,aggregate,1,100,14,7.75,6.20,2,1
1c55406-levels-one-round-trip,load,aggregate,1,100,15,9.21,7.77,1,1
1c55406-levels-one-round-trip,load,aggregate,1,100,16,11.92,10.21,2,1
1c55406-levels-one-round-trip,load,aggregate,1,100,17,6.59,5.09,2,1
1c55406-levels-one-round-trip,load,aggregate,1,100,18,5.29,3.79,1,1
1c55406-levels-one-round-trip,load,aggregate,1,100,19,9.52,7.86,2,1
1c55406-levels-one-round-trip,load,aggregate,1,177.8,0,6.78,5.09,2,1
1c55406-levels-one-round-trip,load,aggregate,1,177.8,1,8.28,6.69,1,1
1c55406-levels-one-round-trip,load,aggregate,1,177.8,2,12.22,10.78,2,1
1c55406-levels-one-round-trip,load,aggregate,1,177.8,3,4.20,2.84,2,1
1c55406-levels-one-round-trip,load,aggregate,1,177.8,4,3.97,2.43,1,1
1c55406-levels-one-round-trip,load,aggregate,1,177.8,5,9.85,8.21,2,1
1c55406-levels-one-round-trip,load,aggregate,1,177.8,6,6.05,4.29,2,1
1c55406-levels-one-round-trip,load,aggregate,1,177.8,7,6.98,5.38,2,1
1c55406-levels-one-round-trip,load,aggregate,1,177.8,8,12.78,11.31,2,1
1c55406-levels-one-round-trip,load,aggregate,1,177.8,9,10.97,9.48,2,1
1c55406-levels-one-round-trip,load,aggregate,1,177.8,10,5.59,4.11,2,1
1c55406-levels-one-round-trip,load,aggregate,1,177.8,11,10.97,9.40,2,1
1c55406-levels-one-round-trip,load,aggregate,1,177.8,12,6.42,4.64,2,1
1c55406-levels-one-round-trip,load,aggregate,1,177.8,13,4.98,3.43,1,1
1c55406-levels-one-round-trip,load,aggregate,1,177.8,14,11.59,9.94,2,1
1c55406-levels-one-round-trip,load,aggregate,1,177.8,15,6.27,4.65,2,1
1c55406-levels-one-round-trip,load,aggregate,1,177.8,16,7.91,6.16,2,1
1c55406-levels-one-round-trip,load,aggregate,1,177.8,17,9.79,7.88,2,1
1c55406-levels-one-round-trip,load,aggregate,1,177.8,18,9.97,8.14,2,1
1c55406-levels-one-round-trip,load,aggregate,1,177.8,19,14.49,12.41,2,1
1c55406-levels-one-round-trip,load,aggregate,1,316.2,0,24.73,23.12,2,1
1c55406-levels-one-round-trip,load,aggregate,1,316.2,1,10.00,8.49,2,1
1c55406-levels-one-round-trip,load,aggregate,1,316.2,2,3.94,2.35,1,1
1c55406-levels-one-round-trip,load,aggregate,1,316.2,3,5.93,4.40,2,1
1c55406-levels-one-round-trip,load,aggregate,1,316.2,4,5.94,4.48,2,1
1c55406-levels-one-round-trip,load,aggregate,1,316.2,5,10.05,8.18,2,1
1c55406-levels-one-round-trip,load,aggregate,1,316.2,6,5.56,4.21,2,1
1c55406-levels-one-round-trip,load,aggregate,1,316.2,7,5.21,3.81,2,1
1c55406-levels-one-round-trip,load,aggregate,1,316.2,8,5.54,4.14,2,1
1c55406-levels-one-round-trip,load,aggregate,1,316.2,9,6.03,4.70,2,1
1c55406-levels-one-round-trip,load,aggregate,1,316.2,10,5.15,3.59,2,1
1c55406-levels-one-round-trip,load,aggregate,1,316.2,11,5.31,3.77,1,1
1c55406-levels-one-round-trip,load,aggregate,1,316.2,12,8.52,7.19,2,1
1c55406-levels-one-round-trip,load,aggregate,1,316.2,13,5.55,3.82,2,1
1c55406-levels-one-round-trip,load,aggregate,1,316.2,14,5.45,4.02,2,1
1c55406-levels-one-round-trip,load,aggregate,1,316.2,15,5.83,4.44,2,1
1c55406-levels-one-round-trip,load,aggregate,1,316.2,16,11.40,9.85,2,1
1c55406-levels-one-round-trip,load,aggregate,1,316.2,17,6.37,4.56,2,1
1c55406-levels-one-round-trip,load,aggregate,1,316.2,18,5.99,4.59,2,1
1c55406-levels-one-round-trip,load,aggregate,1,316.2,19,8.45,7.00,2,1
1c55406-levels-one-round-trip,load,aggregate,1,562.3,0,4.21,2.54,1,1
1c55406-levels-one-round-trip,load,aggregate,1,562.3,1,7.61,6.23,3,1
1c55406-levels-one-round-trip,load,aggregate,1,562.3,2,8.84,7.40,3,1
1c55406-levels-one-round-trip,load,aggregate,1,562.3,3,5.62,4.30,1,1
1c55406-levels-one-round-trip,load,aggregate,1,562.3,4,5.33,4.02,1,1
1c55406-levels-one-round-trip,load,aggregate,1,562.3,5,8.15,3.12,2,1
1c55406-levels-one-round-trip,load,aggregate,1,562.3,6,4.87,3.36,2,1
1c55406-levels-one-round-trip,load,aggregate,1,562.3,7,8.45,6.96,2,1
1c55406-levels-one-round-trip,load,aggregate,1,562.3,8,5.43,4.02,2,1
1c55406-levels-one-round-trip,load,aggregate,1,562.3,9,6.36,4.53,2,1
1c55406-levels-one-round-trip,load,aggregate,1,562.3,10,7.37,5.54,3,1
1c55406-levels-one-round-trip,load,aggregate,1,562.3,11,6.88,5.21,1,1
1c55406-levels-one-round-trip,load,aggregate,1,562.3,12,5.82,4.03,2,1
1c55406-levels-one-round-trip,load,aggregate,1,562.3,13,9.05,6.64,2,1
1c55406-levels-one-round-trip,load,aggregate,1,562.3,14,8.63,6.29,3,1
1c55406-levels-one-round-trip,load,aggregate,1,562.3,15,7.06,4.99,3,1
1c55406-levels-one-round-trip,load,aggregate,1,562.3,16,12.98,11.74,3,1
1c55406-levels-one-round-trip,load,aggregate,1,562.3,17,6.73,4.61,3,1
1c55406-levels-one-round-trip,load,aggregate,1,562.3,18,6.41,4.83,2,1
1c55406-levels-one-round-trip,load,aggregate,1,562.3,19,5.78,4.14,2,1
1c55406-levels-one-round-trip,load,aggregate,1,1000,0,7.52,5.87,3,1
1c55406-levels-one-round-trip,load,aggregate,1,1000,1,12.01,9.35,3,1
1c55406-levels-one-round-trip,load,aggregate,1,1000,2,5.55,4.03,2,1
1c55406-levels-one-round-trip,load,aggregate,1,1000,3,11.64,10.22,1,1
1c55406-levels-one-round-trip,load,aggregate,1,1000,4,8.15,6.29,3,1
1c55406-levels-one-round-trip,load,aggregate,1,1000,5,6.66,5.15,3,1
1c55406-levels-one-round-trip,load,aggregate,1,1000,6,9.22,7.73,1,1
1c55406-levels-one-round-trip,load,aggregate,1,1000,7,11.20,9.27,3,1
1c55406-levels-one-round-trip,load,aggregate,1,1000,8,5.59,3.98,2,1
1c55406-levels-one-round-trip,load,aggregate,1,1000,9,12.98,11.49,3,1
1c55406-levels-one-round-trip,load,aggregate,1,1000,10,8.96,7.58,3,1
1c55406-levels-one-round-trip,load,aggregate,1,1000,11,9.66,8.24,3,1
1c55406-levels-one-round-trip,load,aggregate,1,1000,12,9.46,7.95,3,1
1c55406-levels-one-round-trip,load,aggregate,1,1000,13,16.12,14.05,3,1
1c55406-levels-one-round-trip,load,aggregate,1,1000,14,9.82,8.25,3,1
1c55406-levels-one-round-trip,load,aggregate,1,1000,15,11.25,9.64,2,1
1c55406-levels-one-round-trip,load,aggregate,1,1000,16,5.94,4.10,2,1
1c55406-levels-one-round-trip,load,aggregate,1,1000,17,17.49,15.80,3,1
1c55406-levels-one-round-trip,load,aggregate,1,1000,18,5.58,3.88,3,1
1c55406-levels-one-round-trip,load,aggregate,1,1000,19,7.15,4.05,3,1
1c55406-levels-one-round-trip,load,aggregate,1,1778,0,10.74,9.46,2,1
1c55406-levels-one-round-trip,load,aggregate,1,1778,1,18.24,16.37,3,1
1c55406-levels-one-round-trip,load,aggregate,1,1778,2,24.62,21.82,2,1
1c55406-levels-one-round-trip,load,aggregate,1,1778,3,17.73,14.92,3,1
1c55406-levels-one-round-trip,load,aggregate,1,1778,4,19.94,18.28,3,1
1c55406-levels-one-round-trip,load,aggregate,1,1778,5,5.54,3.86,3,1
1c55406-levels-one-round-trip,load,aggregate,1,1778,6,6.06,4.44,3,1
1c55406-levels-one-round-trip,load,aggregate,1,1778,7,7.28,5.87,3,1
1c55406-levels-one-round-trip,load,aggregate,1,1778,8,7.15,5.73,3,1
1c55406-levels-one-round-trip,load,aggregate,1,1778,9,9.74,8.27,3,1
1c55406-levels-one-round-trip,load,aggregate,1,1778,10,8.00,6.25,3,1
1c55406-levels-one-round-trip,load,aggregate,1,1778,11,5.32,3.72,3,1
1c55406-levels-one-round-trip,load,aggregate,1,1778,12,6.85,5.31,3,1
1c55406-levels-one-round-trip,load,aggregate,1,1778,13,9.88,8.31,3,1
1c55406-levels-one-round-trip,load,aggregate,1,1778,14,9.61,8.11,2,1
1c55406-levels-one-round-trip,load,aggregate,1,1778,15,10.33,8.69,2,1
1c55406-levels-one-round-trip,load,aggregate,1,1778,16,9.38,7.63,2,1
1c55406-levels-one-round-trip,load,aggregate,1,1778,17,6.16,4.55,3,1
1c55406-levels-one-round-trip,load,aggregate,1,1778,18,6.47,4.47,3,1
1c55406-levels-one-round-trip,load,aggregate,1,1778,19,10.85,9.40,1,1
1c55406-levels-one-round-trip,load,aggregate,1,3162,0,14.92,13.11,3,1
1c55406-levels-one-round-trip,load,aggregate,1,3162,1,6.71,4.88,3,1
1c55406-levels-one-round-trip,load,aggregate,1,3162,2,4.98,3.18,1,1
1c55406-levels-one-round-trip,load,aggregate,1,3162,3,7.81,5.85,2,1
1c55406-levels-one-round-trip,load,aggregate,1,3162,4,12.31,10.35,3,1
1c55406-levels-one-round-trip,load,aggregate,1,3162,5,5.23,3.32,1,1
1c55406-levels-one-round-trip,load,aggregate,1,3162,6,10.73,9.34,3,1
1c55406-levels-one-round-trip,load,aggregate,1,3162,7,4.78,3.21,3,1
1c55406-levels-one-round-trip,load,aggregate,1,3162,8,6.46,4.46,3,1
1c55406-levels-one-round-trip,load,aggregate,1,3162,9,7.80,5.61,3,1
1c55406-levels-one-round-trip,load,aggregate,1,3162,10,7.04,4.81,3,1
1c55406-levels-one-round-trip,load,aggregate,1,3162,11,8.87,6.59,3,1
1c55406-levels-one-round-trip,load,aggregate,1,3162,12,13.20,11.11,2,1
1c55406-levels-one-round-trip,load,aggregate,1,3162,13,11.67,8.57,1,1
1c55406-levels-one-round-trip,load,aggregate,1,3162,14,13.33,10.70,1,1
1c55406-levels-one-round-trip,load,aggregate,1,3162,15,11.09,9.26,2,1
1c55406-levels-one-round-trip,load,aggregate,1,3162,16,14.60,12.74,3,1
1c55406-levels-one-round-trip,load,aggregate,1,3162,17,4.44,2.99,1,1
1c55406-levels-one-round-trip,load,aggregate,1,3162,18,5.52,4.04,1,1
1c55406-levels-one-round-trip,load,aggregate,1,3162,19,9.19,7.69,3,1
1c55406-levels-one-round-trip,load,aggregate,1,5623,0,9.03,7.55,3,1
1c55406-levels-one-round-trip,load,aggregate,1,5623,1,5.79,4.35,4,1
1c55406-levels-one-round-trip,load,aggregate,1,5623,2,9.13,7.25,3,1
1c55406-levels-one-round-trip,load,aggregate,1,5623,3,9.91,8.57,3,1
1c55406-levels-one-round-trip,load,aggregate,1,5623,4,4.86,3.21,2,1
1c55406-levels-one-round-trip,load,aggregate,1,5623,5,6.93,5.59,3,1
1c55406-levels-one-round-trip,load,aggregate,1,5623,6,5.97,4.28,3,1
1c55406-levels-one-round-trip,load,aggregate,1,5623,7,6.26,4.82,3,1
1c55406-levels-one-round-trip,load,aggregate,1,5623,8,7.47,5.95,4,1
1c55406-levels-one-round-trip,load,aggregate,1,5623,9,13.43,11.46,4,1
1c55406-levels-one-round-trip,load,aggregate,1,5623,10,9.07,7.66,2,1
1c55406-levels-one-round-trip,load,aggregate,1,5623,11,12.23,10.68,3,1
1c55406-levels-one-round-trip,load,aggregate,1,5623,12,6.46,5.02,4,1
1c55406-levels-one-round-trip,load,aggregate,1,5623,13,7.03,5.57,4,1
1c55406-levels-one-round-trip,load,aggregate,1,5623,14,7.77,6.22,4,1
1c55406-levels-one-round-trip,load,aggregate,1,5623,15,12.39,10.86,3,1
1c55406-levels-one-round-trip,load,aggregate,1,5623,16,13.73,11.91,2,1
1c55406-levels-one-round-trip,load,aggregate,1,5623,17,22.90,21.12,4,1
1c55406-levels-one-round-trip,load,aggregate,1,5623,18,21.41,19.85,5,1
1c55406-levels-one-round-trip,load,aggregate,1,5623,19,11.09,9.51,4,1
1c55406-levels-one-round-trip,load,aggregate,1,1e+04,0,5.79,4.27,5,1
1c55406-levels-one-round-trip,load,aggregate,1,1e+04,1,9.51,8.06,3,1
1c55406-levels-one-round-trip,load,aggregate,1,1e+04,2,6.30,4.86,5,1
1c55406-levels-one-round-trip,load,aggregate,1,1e+04,3,7.04,4.62,5,1
1c55406-levels-one-round-trip,load,aggregate,1,1e+04,4,13.05,11.44,5,1
1c55406-levels-one-round-trip,load,aggregate,1,1e+04,5,7.01,5.49,5,1
1c55406-levels-one-round-trip,load,aggregate,1,1e+04,6,10.23,8.14,5,1
1c55406-levels-one-round-trip,load,aggregate,1,1e+04,7,7.76,5.75,5,1
1c55406-levels-one-round-trip,load,aggregate,1,1e+04,8,8.72,6.90,3,1
1c55406-levels-one-round-trip,load,aggregate,1,1e+04,9,6.77,5.21,4,1
1c55406-levels-one-round-trip,load,aggregate,1,1e+04,10,7.38,5.91,5,1
1c55406-levels-one-round-trip,load,aggregate,1,1e+04,11,6.67,5.11,2,1
1c55406-levels-one-round-trip,load,aggregate,1,1e+04,12,7.99,6.50,6,1
1c55406-levels-one-round-trip,load,aggregate,1,1e+04,13,9.83,8.28,5,1
1c55406-levels-one-round-trip,load,aggregate,1,1e+04,14,7.71,5.88,5,1
1c55406-levels-one-round-trip,load,aggregate,1,1e+04,15,11.50,9.46,5,1
1c55406-levels-one-round-trip,load,aggregate,1,1e+04,16,7.37,5.21,4,1
1c55406-levels-one-round-trip,load,aggregate,1,1e+04,17,11.12,9.27,5,1
1c55406-levels-one-round-trip,load,aggregate,1,1e+04,18,9.95,7.95,5,1
1c55406-levels-one-round-trip,load,aggregate,1,1e+04,19,5.87,3.83,5,1
1c55406-levels-one-round-trip,load,aggregate,1,1.778e+04,0,12.67,10.99,6,1
1c55406-levels-one-round-trip,load,aggregate,1,1.778e+04,1,11.41,9.49,3,1
1c55406-levels-one-round-trip,load,aggregate,1,1.778e+04,2,7.75,5.62,4,1
1c55406-levels-one-round-trip,load,aggregate,1,1.778e+04,3,9.05,6.78,6,1
1c55406-levels-one-round-trip,load,aggregate,1,1.778e+04,4,7.75,5.96,6,1
1c55406-levels-one-round-trip,load,aggregate,1,1.778e+04,5,6.54,4.96,4,1
1c55406-levels-one-round-trip,load,aggregate,1,1.778e+04,6,10.47,8.75,5,1
1c55406-levels-one-round-trip,load,aggregate,1,1.778e+04,7,13.63,11.73,5,1
1c55406-levels-one-round-trip,load,aggregate,1,1.778e+04,8,6.26,4.70,3,1
1c55406-levels-one-round-trip,load,aggregate,1,1.778e+04,9,7.30,5.67,5,1
1c55406-levels-one-round-trip,load,aggregate,1,1.778e+04,10,5.17,3.67,5,1
1c55406-levels-one-round-trip,load,aggregate,1,1.778e+04,11,13.70,12.24,6,1
1c55406-levels-one-round-trip,load,aggregate,1,1.778e+04,12,7.51,5.59,6,1
1c55406-levels-one-round-trip,load,aggregate,1,1.778e+04,13,18.57,16.75,5,1
1c55406-levels-one-round-trip,load,aggregate,1,1.778e+04,14,6.15,4.60,5,1
1c55406-levels-one-round-trip,load,aggregate,1,1.778e+04,15,7.79,6.18,6,1
1c55406-levels-one-round-trip,load,aggregate,1,1.778e+04,16,11.10,9.50,3,1
1c55406-levels-one-round-trip,load,aggregate,1,1.778e+04,17,6.78,5.04,5,1
1c55406-levels-one-round-trip,load,aggregate,1,1.778e+04,18,12.60,10.98,5,1
1c55406-levels-one-round-trip,load,aggregate,1,1.778e+04,19,6.20,4.15,5,1
1c55406-levels-one-round-trip,load,aggregate,1,3.162e+04,0,10.49,9.08,5,1
1c55406-levels-one-round-trip,load,aggregate,1,3.162e+04,1,13.07,11.46,4,1
1c55406-levels-one-round-trip,load,aggregate,1,3.162e+04,2,6.93,5.18,6,1
1c55406-levels-one-round-trip,load,aggregate,1,3.162e+04,3,18.27,16.82,6,1
1c55406-levels-one-round-trip,load,aggregate,1,3.162e+04,4,8.31,6.91,5,1
1c55406-levels-one-round-trip,load,aggregate,1,3.162e+04,5,7.80,5.84,6,1
1c55406-levels-one-round-trip,load,aggregate,1,3.162e+04,6,7.43,5.83,6,1
1c55406-levels-one-round-trip,load,aggregate,1,3.162e+04,7,8.22,5.65,6,1
1c55406-levels-one-round-trip,load,aggregate,1,3.162e+04,8,14.03,11.99,6,1
1c55406-levels-one-round-trip,load,aggregate,1,3.162e+04,9,8.93,6.89,6,1
1c55406-levels-one-round-trip,load,aggregate,1,3.162e+04,10,6.67,4.66,6,1
1c55406-levels-one-round-trip,load,aggregate,1,3.162e+04,11,15.40,13.99,6,1
1c55406-levels-one-round-trip,load,aggregate,1,3.162e+04,12,23.41,21.88,5,1
1c55406-levels-one-round-trip,load,aggregate,1,3.162e+04,13,13.36,11.40,4,1
1c55406-levels-one-round-trip,load,aggregate,1,3.162e+04,14,8.45,6.85,2,1
1c55406-levels-one-round-trip,load,aggregate,1,3.162e+04,15,7.79,6.27,5,1
1c55406-levels-one-round-trip,load,aggregate,1,3.162e+04,16,7.23,5.72,5,1
1c55406-levels-one-round-trip,load,aggregate,1,3.162e+04,17,7.49,5.93,6,1
1c55406-levels-one-round-trip,load,aggregate,1,3.162e+04,18,5.46,4.04,3,1
1c55406-levels-one-round-trip,load,aggregate,1,3.162e+04,19,10.69,9.19,4,1
1c55406-levels-one-round-trip,load,aggregate,1,5.623e+04,0,9.90,8.37,4,1
1c55406-levels-one-round-trip,load,aggregate,1,5.623e+04,1,12.64,8.32,6,1
1c55406-levels-one-round-trip,load,aggregate,1,5.623e+04,2,6.77,5.08,5,1
1c55406-levels-one-round-trip,load,aggregate,1,5.623e+04,3,11.28,9.30,4,1
1c55406-levels-one-round-trip,load,aggregate,1,5.623e+04,4,6.82,5.41,3,1
1c55406-levels-one-round-trip,load,aggregate,1,5.623e+04,5,6.52,4.92,5,1
1c55406-levels-one-round-trip,load,aggregate,1,5.623e+04,6,6.34,4.75,5,1
1c55406-levels-one-round-trip,load,aggregate,1,5.623e+04,7,5.66,3.90,5,1
1c55406-levels-one-round-trip,load,aggregate,1,5.623e+04,8,7.01,5.48,6,1
1c55406-levels-one-round-trip,load,aggregate,1,5.623e+04,9,6.22,4.78,5,1
1c55406-levels-one-round-trip,load,aggregate,1,5.623e+04,10,6.33,4.84,5,1
1c55406-levels-one-round-trip,load,aggregate,1,5.623e+04,11,6.10,4.69,2,1
1c55406-levels-one-round-trip,load,aggregate,1,5.623e+04,12,8.11,5.11,5,1
1c55406-levels-one-round-trip,load,aggregate,1,5.623e+04,13,6.93,5.11,5,1
1c55406-levels-one-round-trip,load,aggregate,1,5.623e+04,14,6.26,4.50,5,1
1c55406-levels-one-round-trip,load,aggregate,1,5.623e+04,15,8.39,6.63,2,1
1c55406-levels-one-round-trip,load,aggregate,1,5.623e+04,16,4.36,2.91,2,1
1c55406-levels-one-round-trip,load,aggregate,1,5.623e+04,17,15.13,13.41,7,1
1c55406-levels-one-round-trip,load,aggregate,1,5.623e+04,18,14.02,12.47,5,1
1c55406-levels-one-round-trip,load,aggregate,1,5.623e+04,19,12.05,10.59,4,1
1c55406-levels-one-round-trip,load,aggregate,6,1,0,11.73,9.63,6,6
1c55406-levels-one-round-trip,load,aggregate,6,1,1,13.27,11.20,6,6
1c55406-levels-one-round-trip,load,aggregate,6,1,2,12.22,10.29,6,6
1c55406-levels-one-round-trip,load,aggregate,6,1,3,10.92,9.05,6,6
1c55406-levels-one-round-trip,load,aggregate,6,1,4,11.69,9.73,6,6
1c55406-levels-one-round-trip,load,aggregate,6,1,5,11.86,9.53,6,6
1c55406-levels-one-round-trip,load,aggregate,6,1,6,19.79,17.38,6,6
1c55406-levels-one-round-trip,load,aggregate,6,1,7,10.99,8.83,6,6
1c55406-levels-one-round-trip,load,aggregate,6,1,8,7.82,6.34,6,6
1c55406-levels-one-round-trip,load,aggregate,6,1,9,8.66,6.82,6,6
1c55406-levels-one-round-trip,load,aggregate,6,1,10,12.25,9.38,6,6
1c55406-levels-one-round-trip,load,aggregate,6,1,11,13.06,11.88,6,6
1c55406-levels-one-round-trip,load,aggregate,6,1,12,11.03,9.12,6,6
1c55406-levels-one-round-trip,load,aggregate,6,1,13,10.93,9.29,5,6
1c55406-levels-one-round-trip,load,aggregate,6,1,14,12.81,10.70,6,6
1c55406-levels-one-round-trip,load,aggregate,6,1,15,11.51,9.44,6,6
1c55406-levels-one-round-trip,load,aggregate,6,1,16,12.29,10.34,6,6
1c55406-levels-one-round-trip,load,aggregate,6,1,17,12.05,10.16,6,6
1c55406-levels-one-round-trip,load,aggregate,6,1,18,8.35,6.70,6,6
1c55406-levels-one-round-trip,load,aggregate,6,1,19,12.79,11.19,6,6
1c55406-levels-one-round-trip,load,aggregate,6,1.778,0,11.97,9.93,6,6
1c55406-levels-one-round-trip,load,aggregate,6,1.778,1,8.87,6.83,6,6
1c55406-levels-one-round-trip,load,aggregate,6,1.778,2,32.62,29.94,6,6
1c55406-levels-one-round-trip,load,aggregate,6,1.778,3,20.94,18.80,6,6
1c55406-levels-one-round-trip,load,aggregate,6,1.778,4,14.86,13.39,6,6
1c55406-levels-one-round-trip,load,aggregate,6,1.778,5,12.38,10.02,6,6
1c55406-levels-one-round-trip,load,aggregate,6,1.778,6,12.64,11.10,6,6
1c55406-levels-one-round-trip,load,aggregate,6,1.778,7,11.87,9.70,6,6
1c55406-levels-one-round-trip,load,aggregate,6,1.778,8,13.97,11.48,6,6
1c55406-levels-one-round-trip,load,aggregate,6,1.778,9,12.90,10.41,6,6
1c55406-levels-one-round-trip,load,aggregate,6,1.778,10,7.46,5.68,4,6
1c55406-levels-one-round-trip,load,aggregate,6,1.778,11,8.25,6.66,5,6
1c55406-levels-one-round-trip,load,aggregate,6,1.778,12,11.25,9.41,6,6
1c55406-levels-one-round-trip,load,aggregate,6,1.778,13,8.23,6.01,5,6
1c55406-levels-one-round-trip,load,aggregate,6,1.778,14,7.78,6.21,6,6
1c55406-levels-one-round-trip,load,aggregate,6,1.778,15,11.03,9.19,6,6
1c55406-levels-one-round-trip,load,aggregate,6,1.778,16,12.88,11.37,6,6
1c55406-levels-one-round-trip,load,aggregate,6,1.778,17,12.59,10.00,6,6
1c55406-levels-one-round-trip,load,aggregate,6,1.778,18,19.41,17.45,6,6
1c55406-levels-one-round-trip,load,aggregate,6,1.778,19,9.38,7.95,6,6
1c55406-levels-one-round-trip,load,aggregate,6,3.162,0,11.86,9.76,6,6
1c55406-levels-one-round-trip,load,aggregate,6,3.162,1,11.99,10.36,6,6
1c55406-levels-one-round-trip,load,aggregate,6,3.162,2,19.56,17.28,6,6
1c55406-levels-one-round-trip,load,aggregate,6,3.162,3,12.88,10.97,6,6
1c55406-levels-one-round-trip,load,aggregate,6,3.162,4,3.54,2.20,0,6
1c55406-levels-one-round-trip,load,aggregate,6,3.162,5,13.78,12.16,6,6
1c55406-levels-one-round-trip,load,aggregate,6,3.162,6,12.39,10.60,6,6
1c55406-levels-one-round-trip,load,aggregate,6,3.162,7,9.39,7.64,6,6
1c55406-levels-one-round-trip,load,aggregate,6,3.162,8,10.84,9.41,6,6
1c55406-levels-one-round-trip,load,aggregate,6,3.162,9,11.81,9.94,6,6
1c55406-levels-one-round-trip,load,aggregate,6,3.162,10,19.15,16.20,6,6
1c55406-levels-one-round-trip,load,aggregate,6,3.162,11,18.99,16.69,6,6
1c55406-levels-one-round-trip,load,aggregate,6,3.162,12,12.40,9.96,6,6
1c55406-levels-one-round-trip,load,aggregate,6,3.162,13,13.51,11.65,6,6
1c55406-levels-one-round-trip,load,aggregate,6,3.162,14,7.98,6.15,6,6
1c55406-levels-one-round-trip,load,aggregate,6,3.162,15,11.53,9.67,6,6
1c55406-levels-one-round-trip,load,aggregate,6,3.162,16,8.95,6.99,5,6
1c55406-levels-one-round-trip,load,aggregate,6,3.162,17,12.15,9.93,6,6
1c55406-levels-one-round-trip,load,aggregate,6,3.162,18,13.11,11.46,6,6
1c55406-levels-one-round-trip,load,aggregate,6,3.162,19,8.32,6.42,6,6
1c55406-levels-one-round-trip,load,aggregate,6,5.623,0,11.60,9.71,6,6
1c55406-levels-one-round-trip,load,aggregate,6,5.623,1,17.95,14.45,6,6
1c55406-levels-one-round-trip,load,aggregate,6,5.623,2,16.58,12.83,6,6
1c55406-levels-one-round-trip,load,aggregate,6,5.623,3,14.04,12.10,6,6
1c55406-levels-one-round-trip,load,aggregate,6,5.623,4,14.13,11.76,6,6
1c55406-levels-one-round-trip,load,aggregate,6,5.623,5,12.97,10.99,6,6
1c55406-levels-one-round-trip,load,aggregate,6,5.623,6,24.22,21.73,6,6
1c55406-levels-one-round-trip,load,aggregate,6,5.623,7,19.99,18.41,6,6
1c55406-levels-one-round-trip,load,aggregate,6,5.623,8,13.28,11.25,6,6
1c55406-levels-one-round-trip,load,aggregate,6,5.623,9,7.52,5.94,6,6
1c55406-levels-one-round-trip,load,aggregate,6,5.623,10,13.17,11.07,6,6
1c55406-levels-one-round-trip,load,aggregate,6,5.623,11,9.88,7.84,6,6
1c55406-levels-one-round-trip,load,aggregate,6,5.623,12,12.26,10.66,6,6
1c55406-levels-one-round-trip,load,aggregate,6,5.623,13,7.20,5.87,6,6
1c55406-levels-one-round-trip,load,aggregate,6,5.623,14,8.13,6.29,6,6
1c55406-levels-one-round-trip,load,aggregate,6,5.623,15,7.26,5.35,6,6
1c55406-levels-one-round-trip,load,aggregate,6,5.623,16,9.27,6.37,6,6
1c55406-levels-one-round-trip,load,aggregate,6,5.623,17,9.74,7.31,6,6
1c55406-levels-one-round-trip,load,aggregate,6,5.623,18,8.38,6.36,6,6
1c55406-levels-one-round-trip,load,aggregate,6,5.623,19,10.02,8.32,6,6
1c55406-levels-one-round-trip,load,aggregate,6,10,0,7.03,4.63,6,6
1c55406-levels-one-round-trip,load,aggregate,6,10,1,7.24,4.65,6,6
1c55406-levels-one-round-trip,load,aggregate,6,10,2,11.30,9.72,6,6
1c55406-levels-one-round-trip,load,aggregate,6,10,3,13.97,11.68,6,6
1c55406-levels-one-round-trip,load,aggregate,6,10,4,8.89,7.02,6,6
1c55406-levels-one-round-trip,load,aggregate,6,10,5,9.36,8.01,6,6
1c55406-levels-one-round-trip,load,aggregate,6,10,6,8.56,6.93,6,6
1c55406-levels-one-round-trip,load,aggregate,6,10,7,11.88,9.80,6,6
1c55406-levels-one-round-trip,load,aggregate,6,10,8,10.92,9.18,6,6
1c55406-levels-one-round-trip,load,aggregate,6,10,9,12.27,10.31,6,6
1c55406-levels-one-round-trip,load,aggregate,6,10,10,6.32,4.83,6,6
1c55406-levels-one-round-trip,load,aggregate,6,10,11,10.69,8.98,6,6
1c55406-levels-one-round-trip,load,aggregate,6,10,12,5.94,4.04,6,6
1c55406-levels-one-round-trip,load,aggregate,6,10,13,12.87,11.36,6,6
1c55406-levels-one-round-trip,load,aggregate,6,10,14,11.04,8.84,6,6
1c55406-levels-one-round-trip,load,aggregate,6,10,15,11.36,9.43,6,6
1c55406-levels-one-round-trip,load,aggregate,6,10,16,11.90,9.45,6,6
1c55406-levels-one-round-trip,load,aggregate,6,10,17,11.12,9.23,6,6
1c55406-levels-one-round-trip,load,aggregate,6,10,18,24.57,21.94,6,6
1c55406-levels-one-round-trip,load,aggregate,6,10,19,16.21,13.75,6,6
1c55406-levels-one-round-trip,load,aggregate,6,17.78,0,14.73,12.83,6,6
1c55406-levels-one-round-trip,load,aggregate,6,17.78,1,17.56,15.59,6,6
1c55406-levels-one-round-trip,load,aggregate,6,17.78,2,10.52,7.15,6,6
1c55406-levels-one-round-trip,load,aggregate,6,17.78,3,11.19,9.20,6,6
1c55406-levels-one-round-trip,load,aggregate,6,17.78,4,13.25,10.70,6,6
1c55406-levels-one-round-trip,load,aggregate,6,17.78,5,17.99,14.91,6,6
1c55406-levels-one-round-trip,load,aggregate,6,17.78,6,12.20,9.40,6,6
1c55406-levels-one-round-trip,load,aggregate,6,17.78,7,11.07,8.42,6,6
1c55406-levels-one-round-trip,load,aggregate,6,17.78,8,6.80,5.43,6,6
1c55406-levels-one-round-trip,load,aggregate,6,17.78,9,9.16,7.20,6,6
1c55406-levels-one-round-trip,load,aggregate,6,17.78,10,18.11,14.87,6,6
1c55406-levels-one-round-trip,load,aggregate,6,17.78,11,5.62,3.88,6,6
1c55406-levels-one-round-trip,load,aggregate,6,17.78,12,19.84,18.11,6,6
1c55406-levels-one-round-trip,load,aggregate,6,17.78,13,12.09,8.97,6,6
1c55406-levels-one-round-trip,load,aggregate,6,17.78,14,18.27,16.40,6,6
1c55406-levels-one-round-trip,load,aggregate,6,17.78,15,9.59,7.73,6,6
1c55406-levels-one-round-trip,load,aggregate,6,17.78,16,11.91,9.58,6,6
1c55406-levels-one-round-trip,load,aggregate,6,17.78,17,13.33,11.63,6,6
1c55406-levels-one-round-trip,load,aggregate,6,17.78,18,11.52,9.84,6,6
1c55406-levels-one-round-trip,load,aggregate,6,17.78,19,11.55,10.16,6,6
1c55406-levels-one-round-trip,load,aggregate,6,31.62,0,7.18,5.14,6,6
1c55406-levels-one-round-trip,load,aggregate,6,31.62,1,11.02,9.38,6,6
1c55406-levels-one-round-trip,load,aggregate,6,31.62,2,11.64,9.79,6,6
1c55406-levels-one-round-trip,load,aggregate,6,31.62,3,7.34,5.40,6,6
1c55406-levels-one-round-trip,load,aggregate,6,31.62,4,13.21,11.10,6,6
1c55406-levels-one-round-trip,load,aggregate,6,31.62,5,8.08,6.34,6,6
1c55406-levels-one-round-trip,load,aggregate,6,31.62,6,8.43,5.99,6,6
1c55406-levels-one-round-trip,load,aggregate,6,31.62,7,10.97,8.86,6,6
1c55406-levels-one-round-trip,load,aggregate,6,31.62,8,2.37,0.12,0,6
1c55406-levels-one-round-trip,load,aggregate,6,31.62,9,8.51,6.49,6,6
1c55406-levels-one-round-trip,load,aggregate,6,31.62,10,12.49,10.58,5,6
1c55406-levels-one-round-trip,load,aggregate,6,31.62,11,8.19,6.20,6,6
1c55406-levels-one-round-trip,load,aggregate,6,31.62,12,7.73,6.06,6,6
1c55406-levels-one-round-trip,load,aggregate,6,31.62,13,10.81,8.76,6,6
1c55406-levels-one-round-trip,load,aggregate,6,31.62,14,9.40,7.71,6,6
1c55406-levels-one-round-trip,load,aggregate,6,31.62,15,16.10,14.10,6,6
1c55406-levels-one-round-trip,load,aggregate,6,31.62,16,10.89,9.17,6,6
1c55406-levels-one-round-trip,load,aggregate,6,31.62,17,10.28,8.35,6,6
1c55406-levels-one-round-trip,load,aggregate,6,31.62,18,14.33,12.37,6,6
1c55406-levels-one-round-trip,load,aggregate,6,31.62,19,5.98,4.23,6,6
1c55406-levels-one-round-trip,load,aggregate,6,56.23,0,6.78,4.13,6,6
1c55406-levels-one-round-trip,load,aggregate,6,56.23,1,7.94,6.63,6,6
1c55406-levels-one-round-trip,load,aggregate,6,56.23,2,11.76,10.40,12,6
1c55406-levels-one-round-trip,load,aggregate,6,56.23,3,10.59,8.36,6,6
1c55406-levels-one-round-trip,load,aggregate,6,56.23,4,6.38,5.07,6,6
1c55406-levels-one-round-trip,load,aggregate,6,56.23,5,12.40,10.61,11,6
1c55406-levels-one-round-trip,load,aggregate,6,56.23,6,14.75,13.36,6,6
1c55406-levels-one-round-trip,load,aggregate,6,56.23,7,5.82,3.65,6,6
1c55406-levels-one-round-trip,load,aggregate,6,56.23,8,14.60,12.30,11,6
1c55406-levels-one-round-trip,load,aggregate,6,56.23,9,11.67,9.93,5,6
1c55406-levels-one-round-trip,load,aggregate,6,56.23,10,11.18,9.25,6,6
1c55406-levels-one-round-trip,load,aggregate,6,56.23,11,17.34,15.79,12,6
1c55406-levels-one-round-trip,load,aggregate,6,56.23,12,6.23,4.49,6,6
1c55406-levels-one-round-trip,load,aggregate,6,56.23,13,9.37,7.80,6,6
1c55406-levels-one-round-trip,load,aggregate,6,56.23,14,6.34,5.05,6,6
1c55406-levels-one-round-trip,load,aggregate,6,56.23,15,12.57,11.19,12,6
1c55406-levels-one-round-trip,load,aggregate,6,56.23,16,13.25,11.49,11,6
1c55406-levels-one-round-trip,load,aggregate,6,56.23,17,12.90,11.00,12,6
1c55406-levels-one-round-trip,load,aggregate,6,56.23,18,11.83,9.84,12,6
1c55406-levels-one-round-trip,load,aggregate,6,56.23,19,10.62,7.87,6,6
1c55406-levels-one-round-trip,load,aggregate,6,100,0,18.77,16.73,12,6
1c55406-levels-one-round-trip,load,aggregate,6,100,1,7.57,5.45,6,6
1c55406-levels-one-round-trip,load,aggregate,6,100,2,17.15,15.25,11,6
1c55406-levels-one-round-trip,load,aggregate,6,100,3,22.09,20.27,12,6
1c55406-levels-one-round-trip,load,aggregate,6,100,4,19.07,17.09,12,6
1c55406-levels-one-round-trip,load,aggregate,6,100,5,15.43,13.51,11,6
1c55406-levels-one-round-trip,load,aggregate,6,100,6,16.46,14.26,11,6
1c55406-levels-one-round-trip,load,aggregate,6,100,7,15.72,12.79,12,6
1c55406-levels-one-round-trip,load,aggregate,6,100,8,13.67,11.88,6,6
1c55406-levels-one-round-trip,load,aggregate,6,100,9,15.49,13.06,12,6
1c55406-levels-one-round-trip,load,aggregate,6,100,10,6.44,5.25,6,6
1c55406-levels-one-round-trip,load,aggregate,6,100,11,11.62,10.14,12,6
1c55406-levels-one-round-trip,load,aggregate,6,100,12,11.11,9.43,12,6
1c55406-levels-one-round-trip,load,aggregate,6,100,13,14.82,13.17,11,6
1c55406-levels-one-round-trip,load,aggregate,6,100,14,13.92,11.62,12,6
1c55406-levels-one-round-trip,load,aggregate,6,100,15,10.15,8.50,11,6
1c55406-levels-one-round-trip,load,aggregate,6,100,16,7.28,4.65,6,6
1c55406-levels-one-round-trip,load,aggregate,6,100,17,3.55,2.17,0,6
1c55406-levels-one-round-trip,load,aggregate,6,100,18,13.08,11.52,11,6
1c55406-levels-one-round-trip,load,aggregate,6,100,19,6.73,4.37,6,6
1c55406-levels-one-round-trip,load,aggregate,6,177.8,0,15.47,13.89,12,6
1c55406-levels-one-round-trip,load,aggregate,6,177.8,1,7.25,5.84,6,6
1c55406-levels-one-round-trip,load,aggregate,6,177.8,2,13.91,11.88,12,6
1c55406-levels-one-round-trip,load,aggregate,6,177.8,3,12.66,10.82,9,6
1c55406-levels-one-round-trip,load,aggregate,6,177.8,4,13.25,11.22,12,6
1c55406-levels-one-round-trip,load,aggregate,6,177.8,5,11.76,9.92,6,6
1c55406-levels-one-round-trip,load,aggregate,6,177.8,6,10.92,9.05,11,6
1c55406-levels-one-round-trip,load,aggregate,6,177.8,7,11.02,9.68,11,6
1c55406-levels-one-round-trip,load,aggregate,6,177.8,8,14.10,12.24,12,6
1c55406-levels-one-round-trip,load,aggregate,6,177.8,9,10.76,8.95,12,6
1c55406-levels-one-round-trip,load,aggregate,6,177.8,10,10.52,8.82,12,6
1c55406-levels-one-round-trip,load,aggregate,6,177.8,11,14.48,12.80,12,6
1c55406-levels-one-round-trip,load,aggregate,6,177.8,12,17.84,16.08,11,6
1c55406-levels-one-round-trip,load,aggregate,6,177.8,13,10.72,9.07,12,6
1c55406-levels-one-round-trip,load,aggregate,6,177.8,14,13.17,11.65,12,6
1c55406-levels-one-round-trip,load,aggregate,6,177.8,15,14.46,12.61,12,6
1c55406-levels-one-round-trip,load,aggregate,6,177.8,16,18.65,14.74,11,6
1c55406-levels-one-round-trip,load,aggregate,6,177.8,17,14.11,11.92,12,6
1c55406-levels-one-round-trip,load,aggregate,6,177.8,18,16.47,14.21,11,6
1c55406-levels-one-round-trip,load,aggregate,6,177.8,19,18.46,15.99,12,6
1c55406-levels-one-round-trip,load,aggregate,6,316.2,0,17.53,15.68,14,6
1c55406-levels-one-round-trip,load,aggregate,6,316.2,1,6.63,4.81,6,6
1c55406-levels-one-round-trip,load,aggregate,6,316.2,2,14.87,12.66,12,6
1c55406-levels-one-round-trip,load,aggregate,6,316.2,3,9.98,7.60,9,6
1c55406-levels-one-round-trip,load,aggregate,6,316.2,4,10.46,9.00,11,6
1c55406-levels-one-round-trip,load,aggregate,6,316.2,5,14.16,13.01,11,6
1c55406-levels-one-round-trip,load,aggregate,6,316.2,6,25.83,22.88,12,6
1c55406-levels-one-round-trip,load,aggregate,6,316.2,7,24.21,21.24,10,6
1c55406-levels-one-round-trip,load,aggregate,6,316.2,8,13.23,11.64,12,6
1c55406-levels-one-round-trip,load,aggregate,6,316.2,9,10.71,8.48,12,6
1c55406-levels-one-round-trip,load,aggregate,6,316.2,10,12.82,10.45,11,6
1c55406-levels-one-round-trip,load,aggregate,6,316.2,11,8.57,7.07,9,6
1c55406-levels-one-round-trip,load,aggregate,6,316.2,12,13.38,11.40,10,6
1c55406-levels-one-round-trip,load,aggregate,6,316.2,13,9.46,7.76,6,6
1c55406-levels-one-round-trip,load,aggregate,6,316.2,14,12.21,10.08,12,6
1c55406-levels-one-round-trip,load,aggregate,6,316.2,15,13.62,11.30,12,6
1c55406-levels-one-round-trip,load,aggregate,6,316.2,16,10.30,8.32,11,6
1c55406-levels-one-round-trip,load,aggregate,6,316.2,17,9.96,7.28,10,6
1c55406-levels-one-round-trip,load,aggregate,6,316.2,18,12.65,10.79,10,6
1c55406-levels-one-round-trip,load,aggregate,6,316.2,19,16.46,14.42,11,6
1c55406-levels-one-round-trip,load,aggregate,6,562.3,0,14.09,12.21,12,6
1c55406-levels-one-round-trip,load,aggregate,6,562.3,1,19.85,17.16,18,6
1c55406-levels-one-round-trip,load,aggregate,6,562.3,2,22.76,20.89,18,6
1c55406-levels-one-round-trip,load,aggregate,6,562.3,3,12.68,10.37,11,6
1c55406-levels-one-round-trip,load,aggregate,6,562.3,4,13.51,11.57,11,6
1c55406-levels-one-round-trip,load,aggregate,6,562.3,5,18.72,16.65,17,6
1c55406-levels-one-round-trip,load,aggregate,6,562.3,6,16.57,14.61,11,6
1c55406-levels-one-round-trip,load,aggregate,6,562.3,7,12.89,11.23,11,6
1c55406-levels-one-round-trip,load,aggregate,6,562.3,8,12.82,10.17,12,6
1c55406-levels-one-round-trip,load,aggregate,6,562.3,9,13.45,11.08,12,6
1c55406-levels-one-round-trip,load,aggregate,6,562.3,10,20.74,18.29,12,6
1c55406-levels-one-round-trip,load,aggregate,6,562.3,11,13.37,11.47,10,6
1c55406-levels-one-round-trip,load,aggregate,6,562.3,12,14.69,12.81,15,6
1c55406-levels-one-round-trip,load,aggregate,6,562.3,13,9.41,7.76,10,6
1c55406-levels-one-round-trip,load,aggregate,6,562.3,14,17.64,14.97,10,6
1c55406-levels-one-round-trip,load,aggregate,6,562.3,15,15.64,14.01,12,6
1c55406-levels-one-round-trip,load,aggregate,6,562.3,16,12.66,11.21,11,6
1c55406-levels-one-round-trip,load,aggregate,6,562.3,17,14.85,13.07,16,6
1c55406-levels-one-round-trip,load,aggregate,6,562.3,18,7.24,5.17,7,6
1c55406-levels-one-round-trip,load,aggregate,6,562.3,19,9.86,7.62,10,6
1c55406-levels-one-round-trip,load,aggregate,6,1000,0,14.15,12.34,17,6
1c55406-levels-one-round-trip,load,aggregate,6,1000,1,18.56,16.52,11,6
1c55406-levels-one-round-trip,load,aggregate,6,1000,2,10.72,9.25,10,6
1c55406-levels-one-round-trip,load,aggregate,6,1000,3,17.09,15.10,15,6
1c55406-levels-one-round-trip,load,aggregate,6,1000,4,12.32,9.47,11,6
1c55406-levels-one-round-trip,load,aggregate,6,1000,5,14.96,13.28,19,6
1c55406-levels-one-round-trip,load,aggregate,6,1000,6,17.32,15.36,18,6
1c55406-levels-one-round-trip,load,aggregate,6,1000,7,15.11,12.84,6,6
1c55406-levels-one-round-trip,load,aggregate,6,1000,8,21.34,19.20,16,6
1c55406-levels-one-round-trip,load,aggregate,6,1000,9,27.35,24.87,17,6
1c55406-levels-one-round-trip,load,aggregate,6,1000,10,24.33,21.27,15,6
1c55406-levels-one-round-trip,load,aggregate,6,1000,11,17.05,14.95,11,6
1c55406-levels-one-round-trip,load,aggregate,6,1000,12,18.46,16.16,16,6
1c55406-levels-one-round-trip,load,aggregate,6,1000,13,14.12,11.58,14,6
1c55406-levels-one-round-trip,load,aggregate,6,1000,14,18.28,16.47,16,6
1c55406-levels-one-round-trip,load,aggregate,6,1000,15,15.17,12.77,17,6
1c55406-levels-one-round-trip,load,aggregate,6,1000,16,17.06,14.64,16,6
1c55406-levels-one-round-trip,load,aggregate,6,1000,17,31.44,28.79,18,6
1c55406-levels-one-round-trip,load,aggregate,6,1000,18,10.32,7.19,7,6
1c55406-levels-one-round-trip,load,aggregate,6,1000,19,19.46,17.69,18,6
1c55406-levels-one-round-trip,load,aggregate,6,1778,0,10.57,8.28,12,6
1c55406-levels-one-round-trip,load,aggregate,6,1778,1,15.42,13.23,12,6
1c55406-levels-one-round-trip,load,aggregate,6,1778,2,11.93,10.32,10,6
1c55406-levels-one-round-trip,load,aggregate,6,1778,3,16.30,13.66,18,6
1c55406-levels-one-round-trip,load,aggregate,6,1778,4,8.52,6.99,8,6
1c55406-levels-one-round-trip,load,aggregate,6,1778,5,17.61,15.91,20,6
1c55406-levels-one-round-trip,load,aggregate,6,1778,6,19.32,17.46,17,6
1c55406-levels-one-round-trip,load,aggregate,6,1778,7,18.56,16.83,16,6
1c55406-levels-one-round-trip,load,aggregate,6,1778,8,13.89,11.02,16,6
1c55406-levels-one-round-trip,load,aggregate,6,1778,9,19.71,17.06,14,6
1c55406-levels-one-round-trip,load,aggregate,6,1778,10,13.48,11.88,16,6
1c55406-levels-one-round-trip,load,aggregate,6,1778,11,16.65,14.69,17,6
1c55406-levels-one-round-trip,load,aggregate,6,1778,12,14.52,12.52,16,6
1c55406-levels-one-round-trip,load,aggregate,6,1778,13,21.91,19.17,18,6
1c55406-levels-one-round-trip,load,aggregate,6,1778,14,16.42,14.29,20,6
1c55406-levels-one-round-trip,load,aggregate,6,1778,15,19.36,16.60,18,6
1c55406-levels-one-round-trip,load,aggregate,6,1778,16,17.84,15.43,18,6
1c55406-levels-one-round-trip,load,aggregate,6,1778,17,12.24,9.98,12,6
1c55406-levels-one-round-trip,load,aggregate,6,1778,18,16.67,13.68,16,6
1c55406-levels-one-round-trip,load,aggregate,6,1778,19,14.59,12.45,14,6
1c55406-levels-one-round-trip,load,aggregate,6,3162,0,15.47,13.41,16,6
1c55406-levels-one-round-trip,load,aggregate,6,3162,1,14.87,12.31,18,6
1c55406-levels-one-round-trip,load,aggregate,6,3162,2,23.03,16.01,17,6
1c55406-levels-one-round-trip,load,aggregate,6,3162,3,12.98,11.28,12,6
1c55406-levels-one-round-trip,load,aggregate,6,3162,4,18.96,16.69,18,6
1c55406-levels-one-round-trip,load,aggregate,6,3162,5,19.28,16.75,11,6
1c55406-levels-one-round-trip,load,aggregate,6,3162,6,19.23,16.90,13,6
1c55406-levels-one-round-trip,load,aggregate,6,3162,7,25.46,23.77,16,6
1c55406-levels-one-round-trip,load,aggregate,6,3162,8,14.67,12.88,18,6
1c55406-levels-one-round-trip,load,aggregate,6,3162,9,15.32,13.83,14,6
1c55406-levels-one-round-trip,load,aggregate,6,3162,10,16.37,13.73,18,6
1c55406-levels-one-round-trip,load,aggregate,6,3162,11,15.74,12.91,11,6
1c55406-levels-one-round-trip,load,aggregate,6,3162,12,13.79,11.61,17,6
1c55406-levels-one-round-trip,load,aggregate,6,3162,13,20.14,18.40,17,6
1c55406-levels-one-round-trip,load,aggregate,6,3162,14,13.44,11.47,10,6
1c55406-levels-one-round-trip,load,aggregate,6,3162,15,14.48,12.14,12,6
1c55406-levels-one-round-trip,load,aggregate,6,3162,16,19.88,16.81,18,6
1c55406-levels-one-round-trip,load,aggregate,6,3162,17,13.97,11.76,17,6
1c55406-levels-one-round-trip,load,aggregate,6,3162,18,16.13,13.73,18,6
1c55406-levels-one-round-trip,load,aggregate,6,3162,19,12.82,10.54,11,6
1c55406-levels-one-round-trip,load,aggregate,6,5623,0,18.05,15.72,21,6
1c55406-levels-one-round-trip,load,aggregate,6,5623,1,20.85,18.68,23,6
1c55406-levels-one-round-trip,load,aggregate,6,5623,2,17.16,15.31,18,6
1c55406-levels-one-round-trip,load,aggregate,6,5623,3,13.97,12.42,12,6
1c55406-levels-one-round-trip,load,aggregate,6,5623,4,18.15,15.78,22,6
1c55406-levels-one-round-trip,load,aggregate,6,5623,5,19.75,17.41,22,6
1c55406-levels-one-round-trip,load,aggregate,6,5623,6,20.83,18.47,16,6
1c55406-levels-one-round-trip,load,aggregate,6,5623,7,20.63,18.68,15,6
1c55406-levels-one-round-trip,load,aggregate,6,5623,8,15.62,12.97,16,6
1c55406-levels-one-round-trip,load,aggregate,6,5623,9,16.16,13.04,17,6
1c55406-levels-one-round-trip,load,aggregate,6,5623,10,18.97,16.20,24,6
1c55406-levels-one-round-trip,load,aggregate,6,5623,11,21.05,17.91,19,6
1c55406-levels-one-round-trip,load,aggregate,6,5623,12,18.28,15.40,16,6
1c55406-levels-one-round-trip,load,aggregate,6,5623,13,16.25,14.21,15,6
1c55406-levels-one-round-trip,load,aggregate,6,5623,14,20.27,18.33,24,6
1c55406-levels-one-round-trip,load,aggregate,6,5623,15,14.56,12.48,15,6
1c55406-levels-one-round-trip,load,aggregate,6,5623,16,12.70,10.28,9,6
1c55406-levels-one-round-trip,load,aggregate,6,5623,17,34.67,32.77,22,6
1c55406-levels-one-round-trip,load,aggregate,6,5623,18,12.23,10.56,12,6
1c55406-levels-one-round-trip,load,aggregate,6,5623,19,19.25,17.32,25,6
1c55406-levels-one-round-trip,load,aggregate,6,1e+04,0,26.32,24.18,30,6
1c55406-levels-one-round-trip,load,aggregate,6,1e+04,1,34.57,31.82,28,6
1c55406-levels-one-round-trip,load,aggregate,6,1e+04,2,17.70,15.19,6,6
1c55406-levels-one-round-trip,load,aggregate,6,1e+04,3,24.14,22.03,29,6
1c55406-levels-one-round-trip,load,aggregate,6,1e+04,4,27.90,25.67,28,6
1c55406-levels-one-round-trip,load,aggregate,6,1e+04,5,12.82,10.76,12,6
1c55406-levels-one-round-trip,load,aggregate,6,1e+04,6,24.67,17.68,27,6
1c55406-levels-one-round-trip,load,aggregate,6,1e+04,7,28.96,26.87,30,6
1c55406-levels-one-round-trip,load,aggregate,6,1e+04,8,25.31,22.93,31,6
1c55406-levels-one-round-trip,load,aggregate,6,1e+04,9,20.71,18.53,25,6
1c55406-levels-one-round-trip,load,aggregate,6,1e+04,10,19.04,16.88,27,6
1c55406-levels-one-round-trip,load,aggregate,6,1e+04,11,19.97,17.81,22,6
1c55406-levels-one-round-trip,load,aggregate,6,1e+04,12,18.91,17.08,25,6
1c55406-levels-one-round-trip,load,aggregate,6,1e+04,13,23.36,21.66,30,6
1c55406-levels-one-round-trip,load,aggregate,6,1e+04,14,24.56,17.45,25,6
1c55406-levels-one-round-trip,load,aggregate,6,1e+04,15,17.12,15.00,17,6
1c55406-levels-one-round-trip,load,aggregate,6,1e+04,16,25.74,22.06,27,6
1c55406-levels-one-round-trip,load,aggregate,6,1e+04,17,20.36,17.45,29,6
1c55406-levels-one-round-trip,load,aggregate,6,1e+04,18,20.71,18.76,17,6
1c55406-levels-one-round-trip,load,aggregate,6,1e+04,19,17.84,16.25,24,6
1c55406-levels-one-round-trip,load,aggregate,6,1.778e+04,0,20.07,15.19,21,6
1c55406-levels-one-round-trip,load,aggregate,6,1.778e+04,1,21.88,19.32,24,6
1c55406-levels-one-round-trip,load,aggregate,6,1.778e+04,2,19.25,17.14,24,6
1c55406-levels-one-round-trip,load,aggregate,6,1.778e+04,3,25.20,22.45,30,6
1c55406-levels-one-round-trip,load,aggregate,6,1.778e+04,4,13.73,10.62,16,6
1c55406-levels-one-round-trip,load,aggregate,6,1.778e+04,5,21.57,19.80,29,6
1c55406-levels-one-round-trip,load,aggregate,6,1.778e+04,6,22.15,20.42,30,6
1c55406-levels-one-round-trip,load,aggregate,6,1.778e+04,7,17.73,14.96,21,6
1c55406-levels-one-round-trip,load,aggregate,6,1.778e+04,8,23.68,21.64,23,6
1c55406-levels-one-round-trip,load,aggregate,6,1.778e+04,9,19.64,16.63,23,6
1c55406-levels-one-round-trip,load,aggregate,6,1.778e+04,10,25.82,23.53,31,6
1c55406-levels-one-round-trip,load,aggregate,6,1.778e+04,11,21.97,20.09,28,6
1c55406-levels-one-round-trip,load,aggregate,6,1.778e+04,12,34.99,33.00,30,6
1c55406-levels-one-round-trip,load,aggregate,6,1.778e+04,13,26.63,23.68,27,6
1c55406-levels-one-round-trip,load,aggregate,6,1.778e+04,14,22.20,19.22,18,6
1c55406-levels-one-round-trip,load,aggregate,6,1.778e+04,15,21.21,18.03,20,6
1c55406-levels-one-round-trip,load,aggregate,6,1.778e+04,16,22.78,20.36,28,6
1c55406-levels-one-round-trip,load,aggregate,6,1.778e+04,17,16.18,14.11,21,6
1c55406-levels-one-round-trip,load,aggregate,6,1.778e+04,18,21.45,19.29,26,6
1c55406-levels-one-round-trip,load,aggregate,6,1.778e+04,19,27.76,24.93,28,6
1c55406-levels-one-round-trip,load,aggregate,6,3.162e+04,0,19.59,17.15,28,6
1c55406-levels-one-round-trip,load,aggregate,6,3.162e+04,1,24.97,18.58,27,6
1c55406-levels-one-round-trip,load,aggregate,6,3.162e+04,2,21.98,19.37,24,6
1c55406-levels-one-round-trip,load,aggregate,6,3.162e+04,3,20.81,18.70,28,6
1c55406-levels-one-round-trip,load,aggregate,6,3.162e+04,4,26.61,23.95,29,6
1c55406-levels-one-round-trip,load,aggregate,6,3.162e+04,5,24.46,21.49,24,6
1c55406-levels-one-round-trip,load,aggregate,6,3.162e+04,6,14.76,13.02,19,6
1c55406-levels-one-round-trip,load,aggregate,6,3.162e+04,7,24.89,21.82,30,6
1c55406-levels-one-round-trip,load,aggregate,6,3.162e+04,8,32.47,29.58,18,6
1c55406-levels-one-round-trip,load,aggregate,6,3.162e+04,9,21.13,19.02,30,6
1c55406-levels-one-round-trip,load,aggregate,6,3.162e+04,10,25.08,21.57,27,6
1c55406-levels-one-round-trip,load,aggregate,6,3.162e+04,11,25.06,22.57,30,6
1c55406-levels-one-round-trip,load,aggregate,6,3.162e+04,12,22.47,20.46,29,6
1c55406-levels-one-round-trip,load,aggregate,6,3.162e+04,13,25.26,22.72,33,6
1c55406-levels-one-round-trip,load,aggregate,6,3.162e+04,14,24.75,21.92,30,6
1c55406-levels-one-round-trip,load,aggregate,6,3.162e+04,15,17.19,15.39,25,6
1c55406-levels-one-round-trip,load,aggregate,6,3.162e+04,16,16.22,13.79,23,6
1c55406-levels-one-round-trip,load,aggregate,6,3.162e+04,17,14.64,12.45,23,6
1c55406-levels-one-round-trip,load,aggregate,6,3.162e+04,18,21.79,19.05,29,6
1c55406-levels-one-round-trip,load,aggregate,6,3.162e+04,19,28.39,26.34,33,6
1c55406-levels-one-round-trip,load,aggregate,6,5.623e+04,0,18.40,16.28,27,6
1c55406-levels-one-round-trip,load,aggregate,6,5.623e+04,1,27.77,25.52,28,6
1c55406-levels-one-round-trip,load,aggregate,6,5.623e+04,2,24.73,22.49,21,6
1c55406-levels-one-round-trip,load,aggregate,6,5.623e+04,3,48.19,46.10,40,6
1c55406-levels-one-round-trip,load,aggregate,6,5.623e+04,4,26.83,24.96,39,6
1c55406-levels-one-round-trip,load,aggregate,6,5.623e+04,5,18.77,16.57,26,6
1c55406-levels-one-round-trip,load,aggregate,6,5.623e+04,6,24.19,21.59,30,6
1c55406-levels-one-round-trip,load,aggregate,6,5.623e+04,7,17.36,15.42,20,6
1c55406-levels-one-round-trip,load,aggregate,6,5.623e+04,8,14.66,12.82,20,6
1c55406-levels-one-round-trip,load,aggregate,6,5.623e+04,9,21.31,18.68,27,6
1c55406-levels-one-round-trip,load,aggregate,6,5.623e+04,10,28.71,23.44,36,6
1c55406-levels-one-round-trip,load,aggregate,6,5.623e+04,11,23.77,21.43,24,6
1c55406-levels-one-round-trip,load,aggregate,6,5.623e+04,12,16.50,14.09,21,6
1c55406-levels-one-round-trip,load,aggregate,6,5.623e+04,13,14.17,11.88,19,6
1c55406-levels-one-round-trip,load,aggregate,6,5.623e+04,14,21.48,18.81,29,6
1c55406-levels-one-round-trip,load,aggregate,6,5.623e+04,15,31.98,29.86,42,6
1c55406-levels-one-round-trip,load,aggregate,6,5.623e+04,16,24.72,22.74,32,6
1c55406-levels-one-round-trip,load,aggregate,6,5.623e+04,17,29.54,27.33,30,6
1c55406-levels-one-round-trip,load,aggregate,6,5.623e+04,18,29.86,26.96,37,6
1c55406-levels-one-round-trip,load,aggregate,6,5.623e+04,19,14.04,11.56,17,6
1c55406-levels-one-round-trip,load,aggregate,1,1e+05,0,8.44,6.02,6,1
1c55406-levels-one-round-trip,load,aggregate,1,1e+05,1,12.31,9.53,7,1
1c55406-levels-one-round-trip,load,aggregate,1,1e+05,2,8.85,6.70,6,1
1c55406-levels-one-round-trip,load,aggregate,1,1e+05,3,6.26,4.60,4,1
1c55406-levels-one-round-trip,load,aggregate,1,1e+05,4,7.80,5.93,7,1
1c55406-levels-one-round-trip,load,aggregate,1,1e+05,5,13.38,11.42,7,1
1c55406-levels-one-round-trip,load,aggregate,1,1e+05,6,7.55,5.49,6,1
1c55406-levels-one-round-trip,load,aggregate,1,1e+05,7,7.48,5.40,7,1
1c55406-levels-one-round-trip,load,aggregate,1,1e+05,8,11.36,9.63,7,1
1c55406-levels-one-round-trip,load,aggregate,1,1e+05,9,11.18,9.07,7,1
1c55406-levels-one-round-trip,load,aggregate,1,1e+05,10,9.61,7.94,7,1
1c55406-levels-one-round-trip,load,aggregate,1,1e+05,11,14.92,13.31,7,1
1c55406-levels-one-round-trip,load,aggregate,1,1e+05,12,18.28,16.16,7,1
1c55406-levels-one-round-trip,load,aggregate,1,1e+05,13,22.03,20.12,7,1
1c55406-levels-one-round-trip,load,aggregate,1,1e+05,14,11.30,9.47,7,1
1c55406-levels-one-round-trip,load,aggregate,1,1e+05,15,11.62,9.89,7,1
1c55406-levels-one-round-trip,load,aggregate,1,1e+05,16,7.37,5.41,7,1
1c55406-levels-one-round-trip,load,aggregate,1,1e+05,17,7.24,5.52,7,1
1c55406-levels-one-round-trip,load,aggregate,1,1e+05,18,9.80,7.73,7,1
1c55406-levels-one-round-trip,load,aggregate,1,1e+05,19,7.70,5.75,7,1
1c55406-levels-one-round-trip,load,aggregate,1,1.778e+05,0,21.86,19.91,5,1
1c55406-levels-one-round-trip,load,aggregate,1,1.778e+05,1,7.33,5.68,7,1
1c55406-levels-one-round-trip,load,aggregate,1,1.778e+05,2,9.92,8.21,7,1
1c55406-levels-one-round-trip,load,aggregate,1,1.778e+05,3,7.47,5.43,5,1
1c55406-levels-one-round-trip,load,aggregate,1,1.778e+05,4,10.32,8.19,6,1
1c55406-levels-one-round-trip,load,aggregate,1,1.778e+05,5,7.61,5.68,7,1
1c55406-levels-one-round-trip,load,aggregate,1,1.778e+05,6,15.62,13.13,7,1
1c55406-levels-one-round-trip,load,aggregate,1,1.778e+05,7,10.00,8.22,7,1
1c55406-levels-one-round-trip,load,aggregate,1,1.778e+05,8,8.26,6.07,4,1
1c55406-levels-one-round-trip,load,aggregate,1,1.778e+05,9,18.15,16.05,4,1
1c55406-levels-one-round-trip,load,aggregate,1,1.778e+05,10,8.74,6.47,5,1
1c55406-levels-one-round-trip,load,aggregate,1,1.778e+05,11,5.16,3.12,2,1
1c55406-levels-one-round-trip,load,aggregate,1,1.778e+05,12,7.57,5.53,7,1
1c55406-levels-one-round-trip,load,aggregate,1,1.778e+05,13,7.46,5.78,7,1
1c55406-levels-one-round-trip,load,aggregate,1,1.778e+05,14,12.52,10.23,6,1
1c55406-levels-one-round-trip,load,aggregate,1,1.778e+05,15,8.07,5.96,4,1
1c55406-levels-one-round-trip,load,aggregate,1,1.778e+05,16,7.78,5.79,7,1
1c55406-levels-one-round-trip,load,aggregate,1,1.778e+05,17,8.96,7.07,7,1
1c55406-levels-one-round-trip,load,aggregate,1,1.778e+05,18,14.56,12.63,7,1
1c55406-levels-one-round-trip,load,aggregate,1,1.778e+05,19,15.02,13.22,6,1
1c55406-levels-one-round-trip,load,aggregate,6,1e+05,0,22.08,18.00,27,6
1c55406-levels-one-round-trip,load,aggregate,6,1e+05,1,30.35,28.39,39,6
1c55406-levels-one-round-trip,load,aggregate,6,1e+05,2,30.94,29.14,39,6
1c55406-levels-one-round-trip,load,aggregate,6,1e+05,3,23.47,20.91,30,6
1c55406-levels-one-round-trip,load,aggregate,6,1e+05,4,38.40,36.16,39,6
1c55406-levels-one-round-trip,load,aggregate,6,1e+05,5,27.98,25.63,38,6
1c55406-levels-one-round-trip,load,aggregate,6,1e+05,6,42.29,40.17,38,6
1c55406-levels-one-round-trip,load,aggregate,6,1e+05,7,27.84,25.74,42,6
1c55406-levels-one-round-trip,load,aggregate,6,1e+05,8,32.57,30.52,35,6
1c55406-levels-one-round-trip,load,aggregate,6,1e+05,9,43.95,41.76,40,6
1c55406-levels-one-round-trip,load,aggregate,6,1e+05,10,39.59,37.71,40,6
1c55406-levels-one-round-trip,load,aggregate,6,1e+05,11,22.40,20.38,29,6
1c55406-levels-one-round-trip,load,aggregate,6,1e+05,12,31.18,28.87,39,6
1c55406-levels-one-round-trip,load,aggregate,6,1e+05,13,22.73,20.38,32,6
1c55406-levels-one-round-trip,load,aggregate,6,1e+05,14,29.53,27.21,39,6
1c55406-levels-one-round-trip,load,aggregate,6,1e+05,15,25.20,23.00,32,6
1c55406-levels-one-round-trip,load,aggregate,6,1e+05,16,28.37,25.79,42,6
1c55406-levels-one-round-trip,load,aggregate,6,1e+05,17,33.11,30.87,34,6
1c55406-levels-one-round-trip,load,aggregate,6,1e+05,18,30.74,28.32,34,6
1c55406-levels-one-round-trip,load,aggregate,6,1e+05,19,29.29,27.54,36,6
1c55406-levels-one-round-trip,load,aggregate,6,1.778e+05,0,23.11,21.41,36,6
1c55406-levels-one-round-trip,load,aggregate,6,1.778e+05,1,34.55,25.31,29,6
1c55406-levels-one-round-trip,load,aggregate,6,1.778e+05,2,26.05,24.04,29,6
1c55406-levels-one-round-trip,load,aggregate,6,1.778e+05,3,43.96,41.84,42,6
1c55406-levels-one-round-trip,load,aggregate,6,1.778e+05,4,26.87,24.31,30,6
1c55406-levels-one-round-trip,load,aggregate,6,1.778e+05,5,20.28,17.74,26,6
1c55406-levels-one-round-trip,load,aggregate,6,1.778e+05,6,23.94,21.69,28,6
1c55406-levels-one-round-trip,load,aggregate,6,1.778e+05,7,30.70,28.12,39,6
1c55406-levels-one-round-trip,load,aggregate,6,1.778e+05,8,25.27,22.61,32,6
1c55406-levels-one-round-trip,load,aggregate,6,1.778e+05,9,23.85,21.51,25,6
1c55406-levels-one-round-trip,load,aggregate,6,1.778e+05,10,28.08,26.12,42,6
1c55406-levels-one-round-trip,load,aggregate,6,1.778e+05,11,28.55,24.35,36,6
1c55406-levels-one-round-trip,load,aggregate,6,1.778e+05,12,29.18,27.48,36,6
1c55406-levels-one-round-trip,load,aggregate,6,1.778e+05,13,31.62,29.11,36,6
1c55406-levels-one-round-trip,load,aggregate,6,1.778e+05,14,19.47,17.79,26,6
1c55406-levels-one-round-trip,load,aggregate,6,1.778e+05,15,45.40,43.31,42,6
1c55406-levels-one-round-trip,load,aggregate,6,1.778e+05,16,35.69,33.30,36,6
1c55406-levels-one-round-trip,load,aggregate,6,1.778e+05,17,38.93,37.05,42,6
1c55406-levels-one-round-trip,load,aggregate,6,1.778e+05,18,28.53,26.44,42,6
1c55406-levels-one-round-trip,load,aggregate,6,1.778e+05,19,32.17,29.31,42,6
ae0054b-index-aggregates,load,aggregate,1,1,0,6.56,3.01,1,1
ae0054b-index-aggregates,load,aggregate,1,1,1,4.45,2.69,1,1
ae0054b-index-aggregates,load,aggregate,1,1,2,21.03,19.11,1,1
ae0054b-index-aggregates,load,aggregate,1,1,3,6.16,4.12,1,1
ae0054b-index-aggregates,load,aggregate,1,1,4,7.91,5.45,1,1
ae0054b-index-aggregates,load,aggregate,1,1,5,7.03,5.43,1,1
ae0054b-index-aggregates,load,aggregate,1,1,6,4.05,2.32,1,1
ae0054b-index-aggregates,load,aggregate,1,1,7,5.77,3.95,1,1
ae0054b-index-aggregates,load,aggregate,1,1,8,4.60,2.92,1,1
ae0054b-index-aggregates,load,aggregate,1,1,9,8.39,6.26,1,1
ae0054b-index-aggregates,load,aggregate,1,1,10,4.14,2.52,1,1
ae0054b-index-aggregates,load,aggregate,1,1,11,5.27,3.35,1,1
ae0054b-index-aggregates,load,aggregate,1,1,12,4.26,2.65,1,1
ae0054b-index-aggregates,load,aggregate,1,1,13,7.84,5.91,1,1
ae0054b-index-aggregates,load,aggregate,1,1,14,10.28,3.88,1,1
ae0054b-index-aggregates,load,aggregate,1,1,15,12.65,8.19,1,1
ae0054b-index-aggregates,load,aggregate,1,1,16,7.10,4.31,1,1
ae0054b-index-aggregates,load,aggregate,1,1,17,5.27,3.31,1,1
ae0054b-index-aggregates,load,aggregate,1,1,18,5.74,4.49,1,1
ae0054b-index-aggregates,load,aggregate,1,1,19,9.11,7.47,1,1
ae0054b-index-aggregates,load,aggregate,1,1.778,0,5.88,3.72,1,1
ae0054b-index-aggregates,load,aggregate,1,1.778,1,10.40,8.15,1,1
ae0054b-index-aggregates,load,aggregate,1,1.778,2,5.81,3.62,1,1
ae0054b-index-aggregates,load,aggregate,1,1.778,3,6.70,4.44,1,1
ae0054b-index-aggregates,load,aggregate,1,1.778,4,3.76,2.14,1,1
ae0054b-index-aggregates,load,aggregate,1,1.778,5,8.83,7.00,1,1
ae0054b-index-aggregates,load,aggregate,1,1.778,6,9.29,7.33,1,1
ae0054b-index-aggregates,load,aggregate,1,1.778,7,5.13,3.20,1,1
ae0054b-index-aggregates,load,aggregate,1,1.778,8,4.70,2.86,1,1
ae0054b-index-aggregates,load,aggregate,1,1.778,9,5.36,3.29,1,1
ae0054b-index-aggregates,load,aggregate,1,1.778,10,5.40,3.48,1,1
ae0054b-index-aggregates,load,aggregate,1,1.778,11,5.05,3.28,1,1
ae0054b-index-aggregates,load,aggregate,1,1.778,12,5.19,3.58,1,1
ae0054b-index-aggregates,load,aggregate,1,1.778,13,8.17,6.47,1,1
ae0054b-index-aggregates,load,aggregate,1,1.778,14,5.84,4.09,1,1
ae0054b-index-aggregates,load,aggregate,1,1.778,15,6.52,4.92,1,1
ae0054b-index-aggregates,load,aggregate,1,1.778,16,9.24,7.50,1,1
ae0054b-index-aggregates,load,aggregate,1,1.778,17,9.71,7.93,1,1
ae0054b-index-aggregates,load,aggregate,1,1.778,18,5.09,3.15,1,1
ae0054b-index-aggregates,load,aggregate,1,1.778,19,4.36,2.53,1,1
ae0054b-index-aggregates,load,aggregate,1,3.162,0,1.64,0.05,0,1
ae0054b-index-aggregates,load,aggregate,1,3.162,1,6.55,4.80,1,1
ae0054b-index-aggregates,load,aggregate,1,3.162,2,7.12,5.14,1,1
ae0054b-index-aggregates,load,aggregate,1,3.162,3,8.92,7.03,1,1
ae0054b-index-aggregates,load,aggregate,1,3.162,4,5.07,3.46,1,1
ae0054b-index-aggregates,load,aggregate,1,3.162,5,7.47,5.63,1,1
ae0054b-index-aggregates,load,aggregate,1,3.162,6,6.34,4.74,1,1
ae0054b-index-aggregates,load,aggregate,1,3.162,7,8.58,6.99,1,1
ae0054b-index-aggregates,load,aggregate,1,3.162,8,5.77,3.37,1,1
ae0054b-index-aggregates,load,aggregate,1,3.162,9,9.41,4.58,1,1
ae0054b-index-aggregates,load,aggregate,1,3.162,10,7.26,5.75,1,1
ae0054b-index-aggregates,load,aggregate,1,3.162,11,7.47,6.12,1,1
ae0054b-index-aggregates,load,aggregate,1,3.162,12,9.95,8.62,1,1
ae0054b-index-aggregates,load,aggregate,1,3.162,13,7.14,5.75,1,1
ae0054b-index-aggregates,load,aggregate,1,3.162,14,8.07,6.30,1,1
ae0054b-index-aggregates,load,aggregate,1,3.162,15,5.55,4.14,1,1
ae0054b-index-aggregates,load,aggregate,1,3.162,16,4.50,2.87,1,1
ae0054b-index-aggregates,load,aggregate,1,3.162,17,7.72,6.11,1,1
ae0054b-index-aggregates,load,aggregate,1,3.162,18,5.96,4.32,1,1
ae0054b-index-aggregates,load,aggregate,1,3.162,19,4.31,2.60,1,1
ae0054b-index-aggregates,load,aggregate,1,5.623,0,7.63,5.94,1,1
ae0054b-index-aggregates,load,aggregate,1,5.623,1,5.85,3.75,1,1
ae0054b-index-aggregates,load,aggregate,1,5.623,2,6.65,4.58,1,1
ae0054b-index-aggregates,load,aggregate,1,5.623,3,6.38,4.38,1,1
ae0054b-index-aggregates,load,aggregate,1,5.623,4,6.35,4.57,1,1
ae0054b-index-aggregates,load,aggregate,1,5.623,5,9.62,7.36,1,1
ae0054b-index-aggregates,load,aggregate,1,5.623,6,5.86,3.82,1,1
ae0054b-index-aggregates,load,aggregate,1,5.623,7,8.37,6.20,1,1
ae0054b-index-aggregates,load,aggregate,1,5.623,8,6.31,4.13,1,1
ae0054b-index-aggregates,load,aggregate,1,5.623,9,8.28,5.97,1,1
ae0054b-index-aggregates,load,aggregate,1,5.623,10,7.45,5.23,1,1
ae0054b-index-aggregates,load,aggregate,1,5.623,11,5.96,3.96,1,1
ae0054b-index-aggregates,load,aggregate,1,5.623,12,6.29,4.57,1,1
ae0054b-index-aggregates,load,aggregate,1,5.623,13,4.52,2.90,1,1
ae0054b-index-aggregates,load,aggregate,1,5.623,14,6.69,4.89,1,1
ae0054b-index-aggregates,load,aggregate,1,5.623,15,5.07,3.20,1,1
ae0054b-index-aggregates,load,aggregate,1,5.623,16,10.13,8.35,1,1
ae0054b-index-aggregates,load,aggregate,1,5.623,17,9.28,7.44,1,1
ae0054b-index-aggregates,load,aggregate,1,5.623,18,6.15,4.34,1,1
ae0054b-index-aggregates,load,aggregate,1,5.623,19,4.74,3.11,1,1
ae0054b-index-aggregates,load,aggregate,1,10,0,4.95,3.05,1,1
ae0054b-index-aggregates,load,aggregate,1,10,1,4.42,2.78,1,1
ae0054b-index-aggregates,load,aggregate,1,10,2,10.67,8.41,1,1
ae0054b-index-aggregates,load,aggregate,1,10,3,7.36,5.15,1,1
ae0054b-index-aggregates,load,aggregate,1,10,4,7.12,4.87,1,1
ae0054b-index-aggregates,load,aggregate,1,10,5,9.82,7.66,1,1
ae0054b-index-aggregates,load,aggregate,1,10,6,5.54,3.38,1,1
ae0054b-index-aggregates,load,aggregate,1,10,7,7.76,5.56,1,1
ae0054b-index-aggregates,load,aggregate,1,10,8,10.39,8.14,1,1
ae0054b-index-aggregates,load,aggregate,1,10,9,10.01,7.77,1,1
ae0054b-index-aggregates,load,aggregate,1,10,10,5.96,3.65,1,1
ae0054b-index-aggregates,load,aggregate,1,10,11,6.14,3.90,1,1
ae0054b-index-aggregates,load,aggregate,1,10,12,7.99,5.75,1,1
ae0054b-index-aggregates,load,aggregate,1,10,13,7.07,4.86,1,1
ae0054b-index-aggregates,load,aggregate,1,10,14,9.74,7.52,1,1
ae0054b-index-aggregates,load,aggregate,1,10,15,6.23,4.02,1,1
ae0054b-index-aggregates,load,aggregate,1,10,16,6.41,4.16,1,1
ae0054b-index-aggregates,load,aggregate,1,10,17,6.13,3.55,1,1
ae0054b-index-aggregates,load,aggregate,1,10,18,6.70,4.50,1,1
ae0054b-index-aggregates,load,aggregate,1,10,19,5.70,3.49,1,1
ae0054b-index-aggregates,load,aggregate,1,17.78,0,6.23,3.98,1,1
ae0054b-index-aggregates,load,aggregate,1,17.78,1,5.98,3.63,1,1
ae0054b-index-aggregates,load,aggregate,1,17.78,2,10.43,8.36,1,1
ae0054b-index-aggregates,load,aggregate,1,17.78,3,11.17,8.46,1,1
ae0054b-index-aggregates,load,aggregate,1,17.78,4,6.00,4.53,1,1
ae0054b-index-aggregates,load,aggregate,1,17.78,5,8.51,7.04,1,1
ae0054b-index-aggregates,load,aggregate,1,17.78,6,7.84,6.56,1,1
ae0054b-index-aggregates,load,aggregate,1,17.78,7,10.71,8.90,1,1
ae0054b-index-aggregates,load,aggregate,1,17.78,8,4.00,2.49,1,1
ae0054b-index-aggregates,load,aggregate,1,17.78,9,8.33,6.80,1,1
ae0054b-index-aggregates,load,aggregate,1,17.78,10,4.39,2.85,1,1
ae0054b-index-aggregates,load,aggregate,1,17.78,11,3.79,2.34,1,1
ae0054b-index-aggregates,load,aggregate,1,17.78,12,5.10,3.46,1,1
ae0054b-index-aggregates,load,aggregate,1,17.78,13,8.70,7.19,1,1
ae0054b-index-aggregates,load,aggregate,1,17.78,14,5.09,3.52,1,1
ae0054b-index-aggregates,load,aggregate,1,17.78,15,4.67,2.95,1,1
ae0054b-index-aggregates,load,aggregate,1,17.78,16,4.37,2.82,1,1
ae0054b-index-aggregates,load,aggregate,1,17.78,17,6.46,4.84,1,1
ae0054b-index-aggregates,load,aggregate,1,17.78,18,4.95,2.83,1,1
ae0054b-index-aggregates,load,aggregate,1,17.78,19,4.93,3.22,1,1
ae0054b-index-aggregates,load,aggregate,1,31.62,0,4.80,2.95,1,1
ae0054b-index-aggregates,load,aggregate,1,31.62,1,5.84,4.03,1,1
ae0054b-index-aggregates,load,aggregate,1,31.62,2,5.18,3.19,1,1
ae0054b-index-aggregates,load,aggregate,1,31.62,3,6.26,4.36,1,1
ae0054b-index-aggregates,load,aggregate,1,31.62,4,5.24,3.26,1,1
ae0054b-index-aggregates,load,aggregate,1,31.62,5,6.02,4.32,1,1
ae0054b-index-aggregates,load,aggregate,1,31.62,6,8.41,6.37,1,1
ae0054b-index-aggregates,load,aggregate,1,31.62,7,5.86,3.65,1,1
ae0054b-index-aggregates,load,aggregate,1,31.62,8,6.47,4.25,1,1
ae0054b-index-aggregates,load,aggregate,1,31.62,9,9.37,7.22,1,1
ae0054b-index-aggregates,load,aggregate,1,31.62,10,13.15,10.94,1,1
ae0054b-index-aggregates,load,aggregate,1,31.62,11,11.39,9.22,1,1
ae0054b-index-aggregates,load,aggregate,1,31.62,12,6.23,3.98,1,1
ae0054b-index-aggregates,load,aggregate,1,31.62,13,6.22,4.03,1,1
ae0054b-index-aggregates,load,aggregate,1,31.62,14,6.97,4.78,1,1
ae0054b-index-aggregates,load,aggregate,1,31.62,15,9.63,7.36,1,1
ae0054b-index-aggregates,load,aggregate,1,31.62,16,10.86,8.12,1,1
ae0054b-index-aggregates,load,aggregate,1,31.62,17,7.56,6.05,1,1
ae0054b-index-aggregates,load,aggregate,1,31.62,18,6.79,5.12,1,1
ae0054b-index-aggregates,load,aggregate,1,31.62,19,5.33,3.80,1,1
ae0054b-index-aggregates,load,aggregate,1,56.23,0,7.44,6.02,1,1
ae0054b-index-aggregates,load,aggregate,1,56.23,1,5.07,2.99,1,1
ae0054b-index-aggregates,load,aggregate,1,56.23,2,4.06,2.38,1,1
ae0054b-index-aggregates,load,aggregate,1,56.23,3,6.57,4.55,1,1
ae0054b-index-aggregates,load,aggregate,1,56.23,4,5.00,3.15,1,1
ae0054b-index-aggregates,load,aggregate,1,56.23,5,5.79,4.16,1,1
ae0054b-index-aggregates,load,aggregate,1,56.23,6,7.85,6.18,1,1
ae0054b-index-aggregates,load,aggregate,1,56.23,7,7.10,5.36,1,1
ae0054b-index-aggregates,load,aggregate,1,56.23,8,4.46,2.49,1,1
ae0054b-index-aggregates,load,aggregate,1,56.23,9,5.02,2.97,1,1
ae0054b-index-aggregates,load,aggregate,1,56.23,10,9.55,7.39,1,1
ae0054b-index-aggregates,load,aggregate,1,56.23,11,6.58,4.02,1,1
ae0054b-index-aggregates,load,aggregate,1,56.23,12,5.87,3.75,1,1
ae0054b-index-aggregates,load,aggregate,1,56.23,13,5.49,3.44,1,1
ae0054b-index-aggregates,load,aggregate,1,56.23,14,5.56,3.47,1,1
ae0054b-index-aggregates,load,aggregate,1,56.23,15,7.73,6.02,1,1
ae0054b-index-aggregates,load,aggregate,1,56.23,16,4.98,3.38,1,1
ae0054b-index-aggregates,load,aggregate,1,56.23,17,6.46,4.90,1,1
ae0054b-index-aggregates,load,aggregate,1,56.23,18,7.91,6.24,1,1
ae0054b-index-aggregates,load,aggregate,1,56.23,19,4.23,2.55,1,1
ae0054b-index-aggregates,load,aggregate,1,100,0,6.14,4.31,1,1
ae0054b-index-aggregates,load,aggregate,1,100,1,5.39,3.28,1,1
ae0054b-index-aggregates,load,aggregate,1,100,2,12.67,11.06,1,1
ae0054b-index-aggregates,load,aggregate,1,100,3,8.93,7.87,1,1
ae0054b-index-aggregates,load,aggregate,1,100,4,11.02,10.01,1,1
ae0054b-index-aggregates,load,aggregate,1,100,5,3.79,2.42,1,1
ae0054b-index-aggregates,load,aggregate,1,100,6,5.00,3.56,1,1
ae0054b-index-aggregates,load,aggregate,1,100,7,3.76,2.40,1,1
ae0054b-index-aggregates,load,aggregate,1,100,8,3.98,2.61,1,1
ae0054b-index-aggregates,load,aggregate,1,100,9,3.65,2.42,1,1
ae0054b-index-aggregates,load,aggregate,1,100,10,3.55,2.34,1,1
ae0054b-index-aggregates,load,aggregate,1,100,11,4.42,3.03,1,1
ae0054b-index-aggregates,load,aggregate,1,100,12,4.98,3.64,1,1
ae0054b-index-aggregates,load,aggregate,1,100,13,7.91,6.53,1,1
ae0054b-index-aggregates,load,aggregate,1,100,14,9.64,8.15,1,1
ae0054b-index-aggregates,load,aggregate,1,100,15,4.32,2.89,1,1
ae0054b-index-aggregates,load,aggregate,1,100,16,3.71,2.27,1,1
ae0054b-index-aggregates,load,aggregate,1,100,17,6.07,4.55,1,1
ae0054b-index-aggregates,load,aggregate,1,100,18,4.51,2.82,1,1
ae0054b-index-aggregates,load,aggregate,1,100,19,8.43,6.79,1,1
ae0054b-index-aggregates,load,aggregate,1,177.8,0,6.37,4.76,1,1
ae0054b-index-aggregates,load,aggregate,1,177.8,1,4.97,3.06,1,1
ae0054b-index-aggregates,load,aggregate,1,177.8,2,7.57,5.29,1,1
ae0054b-index-aggregates,load,aggregate,1,177.8,3,9.26,7.04,1,1
ae0054b-index-aggregates,load,aggregate,1,177.8,4,5.77,3.54,1,1
ae0054b-index-aggregates,load,aggregate,1,177.8,5,6.45,4.07,1,1
ae0054b-index-aggregates,load,aggregate,1,177.8,6,6.16,3.76,1,1
ae0054b-index-aggregates,load,aggregate,1,177.8,7,6.49,4.08,1,1
ae0054b-index-aggregates,load,aggregate,1,177.8,8,5.90,3.53,1,1
ae0054b-index-aggregates,load,aggregate,1,177.8,9,9.15,6.96,1,1
ae0054b-index-aggregates,load,aggregate,1,177.8,10,12.65,10.37,1,1
ae0054b-index-aggregates,load,aggregate,1,177.8,11,7.44,5.04,1,1
ae0054b-index-aggregates,load,aggregate,1,177.8,12,6.75,4.59,1,1
ae0054b-index-aggregates,load,aggregate,1,177.8,13,5.80,3.56,1,1
ae0054b-index-aggregates,load,aggregate,1,177.8,14,7.17,4.75,1,1
ae0054b-index-aggregates,load,aggregate,1,177.8,15,7.26,5.09,1,1
ae0054b-index-aggregates,load,aggregate,1,177.8,16,6.60,4.30,1,1
ae0054b-index-aggregates,load,aggregate,1,177.8,17,5.92,3.53,1,1
ae0054b-index-aggregates,load,aggregate,1,177.8,18,8.15,5.99,1,1
ae0054b-index-aggregates,load,aggregate,1,177.8,19,6.20,4.04,1,1
ae0054b-index-aggregates,load,aggregate,1,316.2,0,8.64,6.38,1,1
ae0054b-index-aggregates,load,aggregate,1,316.2,1,5.78,3.75,1,1
ae0054b-index-aggregates,load,aggregate,1,316.2,2,6.19,4.02,1,1
ae0054b-index-aggregates,load,aggregate,1,316.2,3,8.91,7.04,1,1
ae0054b-index-aggregates,load,aggregate,1,316.2,4,5.67,3.88,1,1
ae0054b-index-aggregates,load,aggregate,1,316.2,5,7.57,5.66,1,1
ae0054b-index-aggregates,load,aggregate,1,316.2,6,6.24,4.46,1,1
ae0054b-index-aggregates,load,aggregate,1,316.2,7,8.50,6.67,1,1
ae0054b-index-aggregates,load,aggregate,1,316.2,8,7.38,5.24,1,1
ae0054b-index-aggregates,load,aggregate,1,316.2,9,9.83,8.02,1,1
ae0054b-index-aggregates,load,aggregate,1,316.2,10,4.83,2.96,1,1
ae0054b-index-aggregates,load,aggregate,1,316.2,11,6.02,4.04,1,1
ae0054b-index-aggregates,load,aggregate,1,316.2,12,7.01,5.20,1,1
ae0054b-index-aggregates,load,aggregate,1,316.2,13,7.46,5.89,1,1
ae0054b-index-aggregates,load,aggregate,1,316.2,14,4.30,2.74,1,1
ae0054b-index-aggregates,load,aggregate,1,316.2,15,6.78,5.00,1,1
ae0054b-index-aggregates,load,aggregate,1,316.2,16,4.60,3.04,1,1
ae0054b-index-aggregates,load,aggregate,1,316.2,17,3.68,2.38,1,1
ae0054b-index-aggregates,load,aggregate,1,316.2,18,3.61,2.41,1,1
ae0054b-index-aggregates,load,aggregate,1,316.2,19,3.82,2.66,1,1
ae0054b-index-aggregates,load,aggregate,1,562.3,0,3.61,2.39,1,1
ae0054b-index-aggregates,load,aggregate,1,562.3,1,7.67,6.33,1,1
ae0054b-index-aggregates,load,aggregate,1,562.3,2,8.05,6.38,1,1
ae0054b-index-aggregates,load,aggregate,1,562.3,3,8.84,6.77,1,1
ae0054b-index-aggregates,load,aggregate,1,562.3,4,7.97,6.76,2,1
ae0054b-index-aggregates,load,aggregate,1,562.3,5,7.60,6.34,1,1
ae0054b-index-aggregates,load,aggregate,1,562.3,6,5.87,4.39,1,1
ae0054b-index-aggregates,load,aggregate,1,562.3,7,5.91,3.89,1,1
ae0054b-index-aggregates,load,aggregate,1,562.3,8,5.69,3.69,1,1
ae0054b-index-aggregates,load,aggregate,1,562.3,9,6.92,5.07,1,1
ae0054b-index-aggregates,load,aggregate,1,562.3,10,8.59,6.74,1,1
ae0054b-index-aggregates,load,aggregate,1,562.3,11,4.15,2.54,1,1
ae0054b-index-aggregates,load,aggregate,1,562.3,12,3.43,1.93,1,1
ae0054b-index-aggregates,load,aggregate,1,562.3,13,4.22,2.82,1,1
ae0054b-index-aggregates,load,aggregate,1,562.3,14,8.66,7.13,1,1
ae0054b-index-aggregates,load,aggregate,1,562.3,15,9.83,7.74,1,1
ae0054b-index-aggregates,load,aggregate,1,562.3,16,6.16,3.91,1,1
ae0054b-index-aggregates,load,aggregate,1,562.3,17,9.25,6.86,1,1
ae0054b-index-aggregates,load,aggregate,1,562.3,18,7.01,4.83,1,1
ae0054b-index-aggregates,load,aggregate,1,562.3,19,7.56,5.71,1,1
ae0054b-index-aggregates,load,aggregate,1,1000,0,7.06,4.94,1,1
ae0054b-index-aggregates,load,aggregate,1,1000,1,5.89,3.85,1,1
ae0054b-index-aggregates,load,aggregate,1,1000,2,5.91,3.85,1,1
ae0054b-index-aggregates,load,aggregate,1,1000,3,5.63,3.48,1,1
ae0054b-index-aggregates,load,aggregate,1,1000,4,9.18,6.97,1,1
ae0054b-index-aggregates,load,aggregate,1,1000,5,11.03,8.85,1,1
ae0054b-index-aggregates,load,aggregate,1,1000,6,6.52,4.34,2,1
ae0054b-index-aggregates,load,aggregate,1,1000,7,6.44,4.10,1,1
ae0054b-index-aggregates,load,aggregate,1,1000,8,6.00,3.67,1,1
ae0054b-index-aggregates,load,aggregate,1,1000,9,10.11,7.97,1,1
ae0054b-index-aggregates,load,aggregate,1,1000,10,5.15,3.61,2,1
ae0054b-index-aggregates,load,aggregate,1,1000,11,6.16,4.56,1,1
ae0054b-index-aggregates,load,aggregate,1,1000,12,4.67,2.98,1,1
ae0054b-index-aggregates,load,aggregate,1,1000,13,8.46,6.86,1,1
ae0054b-index-aggregates,load,aggregate,1,1000,14,5.93,4.22,1,1
ae0054b-index-aggregates,load,aggregate,1,1000,15,7.17,5.50,1,1
ae0054b-index-aggregates,load,aggregate,1,1000,16,4.70,3.02,1,1
ae0054b-index-aggregates,load,aggregate,1,1000,17,6.47,4.91,1,1
ae0054b-index-aggregates,load,aggregate,1,1000,18,4.80,3.40,1,1
ae0054b-index-aggregates,load,aggregate,1,1000,19,5.51,4.01,1,1
ae0054b-index-aggregates,load,aggregate,1,1778,0,5.37,3.55,1,1
ae0054b-index-aggregates,load,aggregate,1,1778,1,5.03,3.69,1,1
ae0054b-index-aggregates,load,aggregate,1,1778,2,5.03,3.60,1,1
ae0054b-index-aggregates,load,aggregate,1,1778,3,6.30,4.96,1,1
ae0054b-index-aggregates,load,aggregate,1,1778,4,7.99,6.14,1,1
ae0054b-index-aggregates,load,aggregate,1,1778,5,6.13,3.97,1,1
ae0054b-index-aggregates,load,aggregate,1,1778,6,6.51,4.41,1,1
ae0054b-index-aggregates,load,aggregate,1,1778,7,11.48,9.27,1,1
ae0054b-index-aggregates,load,aggregate,1,1778,8,8.09,5.94,1,1
ae0054b-index-aggregates,load,aggregate,1,1778,9,10.56,8.24,1,1
ae0054b-index-aggregates,load,aggregate,1,1778,10,6.56,4.42,1,1
ae0054b-index-aggregates,load,aggregate,1,1778,11,7.93,5.76,1,1
ae0054b-index-aggregates,load,aggregate,1,1778,12,7.10,4.85,1,1
ae0054b-index-aggregates,load,aggregate,1,1778,13,6.47,4.28,1,1
ae0054b-index-aggregates,load,aggregate,1,1778,14,6.70,4.60,1,1
ae0054b-index-aggregates,load,aggregate,1,1778,15,6.14,3.90,1,1
ae0054b-index-aggregates,load,aggregate,1,1778,16,5.83,3.70,1,1
ae0054b-index-aggregates,load,aggregate,1,1778,17,9.21,7.09,1,1
ae0054b-index-aggregates,load,aggregate,1,1778,18,11.48,9.14,1,1
ae0054b-index-aggregates,load,aggregate,1,1778,19,6.84,5.69,2,1
ae0054b-index-aggregates,load,aggregate,1,3162,0,12.72,11.36,1,1
ae0054b-index-aggregates,load,aggregate,1,3162,1,5.22,3.64,1,1
ae0054b-index-aggregates,load,aggregate,1,3162,2,5.23,3.69,2,1
ae0054b-index-aggregates,load,aggregate,1,3162,3,4.36,2.74,1,1
ae0054b-index-aggregates,load,aggregate,1,3162,4,7.68,6.11,1,1
ae0054b-index-aggregates,load,aggregate,1,3162,5,3.93,2.55,2,1
ae0054b-index-aggregates,load,aggregate,1,3162,6,5.66,4.10,1,1
ae0054b-index-aggregates,load,aggregate,1,3162,7,4.15,2.79,1,1
ae0054b-index-aggregates,load,aggregate,1,3162,8,6.81,5.49,1,1
ae0054b-index-aggregates,load,aggregate,1,3162,9,5.73,4.56,1,1
ae0054b-index-aggregates,load,aggregate,1,3162,10,4.75,3.62,1,1
ae0054b-index-aggregates,load,aggregate,1,3162,11,5.07,3.87,1,1
ae0054b-index-aggregates,load,aggregate,1,3162,12,4.13,2.83,2,1
ae0054b-index-aggregates,load,aggregate,1,3162,13,4.28,2.90,2,1
ae0054b-index-aggregates,load,aggregate,1,3162,14,4.21,2.99,2,1
ae0054b-index-aggregates,load,aggregate,1,3162,15,4.42,2.98,2,1
ae0054b-index-aggregates,load,aggregate,1,3162,16,8.63,6.94,1,1
ae0054b-index-aggregates,load,aggregate,1,3162,17,5.04,3.32,1,1
ae0054b-index-aggregates,load,aggregate,1,3162,18,4.09,2.53,2,1
ae0054b-index-aggregates,load,aggregate,1,3162,19,7.41,6.24,1,1
ae0054b-index-aggregates,load,aggregate,1,5623,0,7.44,6.11,1,1
ae0054b-index-aggregates,load,aggregate,1,5623,1,8.23,6.74,1,1
ae0054b-index-aggregates,load,aggregate,1,5623,2,6.52,4.57,1,1
ae0054b-index-aggregates,load,aggregate,1,5623,3,9.68,8.31,1,1
ae0054b-index-aggregates,load,aggregate,1,5623,4,4.63,3.26,2,1
ae0054b-index-aggregates,load,aggregate,1,5623,5,5.80,4.17,2,1
ae0054b-index-aggregates,load,aggregate,1,5623,6,5.55,4.03,1,1
ae0054b-index-aggregates,load,aggregate,1,5623,7,5.82,4.17,1,1
ae0054b-index-aggregates,load,aggregate,1,5623,8,7.47,6.11,1,1
ae0054b-index-aggregates,load,aggregate,1,5623,9,8.28,6.96,1,1
ae0054b-index-aggregates,load,aggregate,1,5623,10,8.23,2.95,2,1
ae0054b-index-aggregates,load,aggregate,1,5623,11,6.01,4.39,2,1
ae0054b-index-aggregates,load,aggregate,1,5623,12,7.36,5.96,1,1
ae0054b-index-aggregates,load,aggregate,1,5623,13,4.44,2.90,1,1
ae0054b-index-aggregates,load,aggregate,1,5623,14,6.15,4.17,1,1
ae0054b-index-aggregates,load,aggregate,1,5623,15,7.18,5.13,2,1
ae0054b-index-aggregates,load,aggregate,1,5623,16,5.75,3.65,2,1
ae0054b-index-aggregates,load,aggregate,1,5623,17,7.32,5.26,1,1
ae0054b-index-aggregates,load,aggregate,1,5623,18,7.27,5.34,1,1
ae0054b-index-aggregates,load,aggregate,1,5623,19,7.57,5.55,1,1
ae0054b-index-aggregates,load,aggregate,1,1e+04,0,6.19,4.06,2,1
ae0054b-index-aggregates,load,aggregate,1,1e+04,1,6.99,4.76,2,1
ae0054b-index-aggregates,load,aggregate,1,1e+04,2,10.61,8.64,2,1
ae0054b-index-aggregates,load,aggregate,1,1e+04,3,5.87,3.97,2,1
ae0054b-index-aggregates,load,aggregate,1,1e+04,4,7.48,5.53,2,1
ae0054b-index-aggregates,load,aggregate,1,1e+04,5,10.27,7.99,2,1
ae0054b-index-aggregates,load,aggregate,1,1e+04,6,6.42,4.37,2,1
ae0054b-index-aggregates,load,aggregate,1,1e+04,7,12.21,10.14,2,1
ae0054b-index-aggregates,load,aggregate,1,1e+04,8,6.48,4.26,2,1
ae0054b-index-aggregates,load,aggregate,1,1e+04,9,6.40,4.31,2,1
ae0054b-index-aggregates,load,aggregate,1,1e+04,10,6.63,4.54,2,1
ae0054b-index-aggregates,load,aggregate,1,1e+04,11,6.10,4.06,2,1
ae0054b-index-aggregates,load,aggregate,1,1e+04,12,13.43,10.15,2,1
ae0054b-index-aggregates,load,aggregate,1,1e+04,13,8.00,5.85,2,1
ae0054b-index-aggregates,load,aggregate,1,1e+04,14,12.00,9.75,2,1
ae0054b-index-aggregates,load,aggregate,1,1e+04,15,6.42,4.23,2,1
ae0054b-index-aggregates,load,aggregate,1,1e+04,16,8.96,6.79,2,1
ae0054b-index-aggregates,load,aggregate,1,1e+04,17,7.92,5.69,2,1
ae0054b-index-aggregates,load,aggregate,1,1e+04,18,12.88,10.92,2,1
ae0054b-index-aggregates,load,aggregate,1,1e+04,19,11.52,9.92,2,1
ae0054b-index-aggregates,load,aggregate,1,1.778e+04,0,11.37,10.18,2,1
ae0054b-index-aggregates,load,aggregate,1,1.778e+04,1,5.46,4.03,2,1
ae0054b-index-aggregates,load,aggregate,1,1.778e+04,2,5.04,3.69,2,1
ae0054b-index-aggregates,load,aggregate,1,1.778e+04,3,7.53,6.10,2,1
ae0054b-index-aggregates,load,aggregate,1,1.778e+04,4,7.62,6.25,2,1
ae0054b-index-aggregates,load,aggregate,1,1.778e+04,5,7.24,5.88,2,1
ae0054b-index-aggregates,load,aggregate,1,1.778e+04,6,7.72,6.01,2,1
ae0054b-index-aggregates,load,aggregate,1,1.778e+04,7,4.64,3.00,2,1
ae0054b-index-aggregates,load,aggregate,1,1.778e+04,8,4.74,3.05,2,1
ae0054b-index-aggregates,load,aggregate,1,1.778e+04,9,5.26,3.53,2,1
ae0054b-index-aggregates,load,aggregate,1,1.778e+04,10,7.82,6.13,2,1
ae0054b-index-aggregates,load,aggregate,1,1.778e+04,11,8.62,7.01,2,1
ae0054b-index-aggregates,load,aggregate,1,1.778e+04,12,5.17,3.56,2,1
ae0054b-index-aggregates,load,aggregate,1,1.778e+04,13,9.89,8.40,2,1
ae0054b-index-aggregates,load,aggregate,1,1.778e+04,14,7.79,5.63,2,1
ae0054b-index-aggregates,load,aggregate,1,1.778e+04,15,9.98,8.17,2,1
ae0054b-index-aggregates,load,aggregate,1,1.778e+04,16,4.81,3.37,2,1
ae0054b-index-aggregates,load,aggregate,1,1.778e+04,17,11.24,9.14,2,1
ae0054b-index-aggregates,load,aggregate,1,1.778e+04,18,7.14,4.89,2,1
ae0054b-index-aggregates,load,aggregate,1,1.778e+04,19,6.81,4.61,2,1
ae0054b-index-aggregates,load,aggregate,1,3.162e+04,0,7.35,5.11,2,1
ae0054b-index-aggregates,load,aggregate,1,3.162e+04,1,10.86,8.63,2,1
ae0054b-index-aggregates,load,aggregate,1,3.162e+04,2,12.89,10.49,2,1
ae0054b-index-aggregates,load,aggregate,1,3.162e+04,3,11.05,8.74,2,1
ae0054b-index-aggregates,load,aggregate,1,3.162e+04,4,6.91,4.73,2,1
ae0054b-index-aggregates,load,aggregate,1,3.162e+04,5,11.29,9.15,2,1
ae0054b-index-aggregates,load,aggregate,1,3.162e+04,6,11.17,8.91,2,1
ae0054b-index-aggregates,load,aggregate,1,3.162e+04,7,6.62,4.38,2,1
ae0054b-index-aggregates,load,aggregate,1,3.162e+04,8,9.99,7.73,2,1
ae0054b-index-aggregates,load,aggregate,1,3.162e+04,9,10.06,8.13,2,1
ae0054b-index-aggregates,load,aggregate,1,3.162e+04,10,5.21,3.38,2,1
ae0054b-index-aggregates,load,aggregate,1,3.162e+04,11,7.14,4.96,2,1
ae0054b-index-aggregates,load,aggregate,1,3.162e+04,12,8.09,5.74,2,1
ae0054b-index-aggregates,load,aggregate,1,3.162e+04,13,5.65,4.11,2,1
ae0054b-index-aggregates,load,aggregate,1,3.162e+04,14,4.16,2.76,2,1
ae0054b-index-aggregates,load,aggregate,1,3.162e+04,15,6.40,4.86,2,1
ae0054b-index-aggregates,load,aggregate,1,3.162e+04,16,4.73,3.33,2,1
ae0054b-index-aggregates,load,aggregate,1,3.162e+04,17,4.74,3.35,2,1
ae0054b-index-aggregates,load,aggregate,1,3.162e+04,18,4.50,2.97,2,1
ae0054b-index-aggregates,load,aggregate,1,3.162e+04,19,5.30,3.64,2,1
ae0054b-index-aggregates,load,aggregate,1,5.623e+04,0,6.23,4.46,2,1
ae0054b-index-aggregates,load,aggregate,1,5.623e+04,1,9.44,7.35,2,1
ae0054b-index-aggregates,load,aggregate,1,5.623e+04,2,9.90,7.72,2,1
ae0054b-index-aggregates,load,aggregate,1,5.623e+04,3,11.22,9.00,2,1
ae0054b-index-aggregates,load,aggregate,1,5.623e+04,4,8.09,5.86,2,1
ae0054b-index-aggregates,load,aggregate,1,5.623e+04,5,10.73,8.50,2,1
ae0054b-index-aggregates,load,aggregate,1,5.623e+04,6,10.50,8.15,2,1
ae0054b-index-aggregates,load,aggregate,1,5.623e+04,7,9.51,7.20,2,1
ae0054b-index-aggregates,load,aggregate,1,5.623e+04,8,10.74,8.55,2,1
ae0054b-index-aggregates,load,aggregate,1,5.623e+04,9,15.19,11.49,2,1
ae0054b-index-aggregates,load,aggregate,1,5.623e+04,10,12.81,11.57,2,1
ae0054b-index-aggregates,load,aggregate,1,5.623e+04,11,7.49,6.29,2,1
ae0054b-index-aggregates,load,aggregate,1,5.623e+04,12,12.18,10.52,2,1
ae0054b-index-aggregates,load,aggregate,1,5.623e+04,13,8.60,7.15,2,1
ae0054b-index-aggregates,load,aggregate,1,5.623e+04,14,5.86,4.52,2,1
ae0054b-index-aggregates,load,aggregate,1,5.623e+04,15,6.12,4.59,2,1
ae0054b-index-aggregates,load,aggregate,1,5.623e+04,16,4.26,2.93,2,1
ae0054b-index-aggregates,load,aggregate,1,5.623e+04,17,6.62,5.09,2,1
ae0054b-index-aggregates,load,aggregate,1,5.623e+04,18,7.37,5.89,2,1
ae0054b-index-aggregates,load,aggregate,1,5.623e+04,19,8.05,6.25,2,1
ae0054b-index-aggregates,load,aggregate,6,1,0,6.86,4.45,6,6
ae0054b-index-aggregates,load,aggregate,6,1,1,12.45,10.11,5,6
ae0054b-index-aggregates,load,aggregate,6,1,2,8.49,5.74,6,6
ae0054b-index-aggregates,load,aggregate,6,1,3,13.37,10.26,6,6
ae0054b-index-aggregates,load,aggregate,6,1,4,9.11,6.33,6,6
ae0054b-index-aggregates,load,aggregate,6,1,5,7.04,4.47,6,6
ae0054b-index-aggregates,load,aggregate,6,1,6,8.33,5.77,6,6
ae0054b-index-aggregates,load,aggregate,6,1,7,8.24,5.61,6,6
ae0054b-index-aggregates,load,aggregate,6,1,8,7.83,5.40,6,6
ae0054b-index-aggregates,load,aggregate,6,1,9,7.72,4.86,6,6
ae0054b-index-aggregates,load,aggregate,6,1,10,9.24,6.48,6,6
ae0054b-index-aggregates,load,aggregate,6,1,11,12.05,9.38,6,6
ae0054b-index-aggregates,load,aggregate,6,1,12,14.64,12.01,6,6
ae0054b-index-aggregates,load,aggregate,6,1,13,6.84,5.33,6,6
ae0054b-index-aggregates,load,aggregate,6,1,14,6.71,4.89,6,6
ae0054b-index-aggregates,load,aggregate,6,1,15,10.82,9.11,6,6
ae0054b-index-aggregates,load,aggregate,6,1,16,6.47,4.64,6,6
ae0054b-index-aggregates,load,aggregate,6,1,17,10.72,8.09,6,6
ae0054b-index-aggregates,load,aggregate,6,1,18,7.24,5.19,6,6
ae0054b-index-aggregates,load,aggregate,6,1,19,12.40,10.83,6,6
ae0054b-index-aggregates,load,aggregate,6,1.778,0,6.17,4.81,6,6
ae0054b-index-aggregates,load,aggregate,6,1.778,1,5.53,3.98,6,6
ae0054b-index-aggregates,load,aggregate,6,1.778,2,5.60,4.27,6,6
ae0054b-index-aggregates,load,aggregate,6,1.778,3,5.66,4.31,6,6
ae0054b-index-aggregates,load,aggregate,6,1.778,4,6.62,4.85,6,6
ae0054b-index-aggregates,load,aggregate,6,1.778,5,9.84,8.05,6,6
ae0054b-index-aggregates,load,aggregate,6,1.778,6,5.56,4.00,6,6
ae0054b-index-aggregates,load,aggregate,6,1.778,7,5.84,3.90,6,6
ae0054b-index-aggregates,load,aggregate,6,1.778,8,6.43,4.85,5,6
ae0054b-index-aggregates,load,aggregate,6,1.778,9,6.62,4.88,6,6
ae0054b-index-aggregates,load,aggregate,6,1.778,10,8.93,6.80,5,6
ae0054b-index-aggregates,load,aggregate,6,1.778,11,5.96,3.93,5,6
ae0054b-index-aggregates,load,aggregate,6,1.778,12,6.01,3.88,6,6
ae0054b-index-aggregates,load,aggregate,6,1.778,13,6.57,5.08,6,6
ae0054b-index-aggregates,load,aggregate,6,1.778,14,6.73,5.11,6,6
ae0054b-index-aggregates,load,aggregate,6,1.778,15,8.20,5.16,6,6
ae0054b-index-aggregates,load,aggregate,6,1.778,16,7.74,5.09,6,6
ae0054b-index-aggregates,load,aggregate,6,1.778,17,14.11,12.03,6,6
ae0054b-index-aggregates,load,aggregate,6,1.778,18,5.10,3.32,5,6
ae0054b-index-aggregates,load,aggregate,6,1.778,19,6.40,4.47,6,6
ae0054b-index-aggregates,load,aggregate,6,3.162,0,6.10,4.66,6,6
ae0054b-index-aggregates,load,aggregate,6,3.162,1,5.50,3.85,6,6
ae0054b-index-aggregates,load,aggregate,6,3.162,2,6.59,4.16,6,6
ae0054b-index-aggregates,load,aggregate,6,3.162,3,7.39,5.53,6,6
ae0054b-index-aggregates,load,aggregate,6,3.162,4,7.65,4.66,6,6
ae0054b-index-aggregates,load,aggregate,6,3.162,5,10.77,8.72,6,6
ae0054b-index-aggregates,load,aggregate,6,3.162,6,8.02,5.92,6,6
ae0054b-index-aggregates,load,aggregate,6,3.162,7,6.66,5.45,6,6
ae0054b-index-aggregates,load,aggregate,6,3.162,8,6.23,4.40,6,6
ae0054b-index-aggregates,load,aggregate,6,3.162,9,5.36,3.96,6,6
ae0054b-index-aggregates,load,aggregate,6,3.162,10,5.17,3.62,5,6
ae0054b-index-aggregates,load,aggregate,6,3.162,11,9.51,8.15,6,6
ae0054b-index-aggregates,load,aggregate,6,3.162,12,6.02,4.73,6,6
ae0054b-index-aggregates,load,aggregate,6,3.162,13,9.84,8.55,6,6
ae0054b-index-aggregates,load,aggregate,6,3.162,14,5.93,4.69,6,6
ae0054b-index-aggregates,load,aggregate,6,3.162,15,7.31,5.72,6,6
ae0054b-index-aggregates,load,aggregate,6,3.162,16,5.23,3.79,4,6
ae0054b-index-aggregates,load,aggregate,6,3.162,17,9.82,8.21,5,6
ae0054b-index-aggregates,load,aggregate,6,3.162,18,8.61,7.21,6,6
ae0054b-index-aggregates,load,aggregate,6,3.162,19,6.95,5.38,6,6
ae0054b-index-aggregates,load,aggregate,6,5.623,0,6.89,5.23,6,6
ae0054b-index-aggregates,load,aggregate,6,5.623,1,7.65,5.94,6,6
ae0054b-index-aggregates,load,aggregate,6,5.623,2,7.20,5.71,6,6
ae0054b-index-aggregates,load,aggregate,6,5.623,3,6.38,4.68,6,6
ae0054b-index-aggregates,load,aggregate,6,5.623,4,9.26,6.65,5,6
ae0054b-index-aggregates,load,aggregate,6,5.623,5,7.46,5.45,6,6
ae0054b-index-aggregates,load,aggregate,6,5.623,6,9.42,7.92,6,6
ae0054b-index-aggregates,load,aggregate,6,5.623,7,10.88,9.43,6,6
ae0054b-index-aggregates,load,aggregate,6,5.623,8,7.99,6.01,6,6
ae0054b-index-aggregates,load,aggregate,6,5.623,9,9.43,5.19,6,6
ae0054b-index-aggregates,load,aggregate,6,5.623,10,7.99,5.61,6,6
ae0054b-index-aggregates,load,aggregate,6,5.623,11,5.80,4.09,6,6
ae0054b-index-aggregates,load,aggregate,6,5.623,12,10.69,9.33,6,6
ae0054b-index-aggregates,load,aggregate,6,5.623,13,5.58,4.42,6,6
ae0054b-index-aggregates,load,aggregate,6,5.623,14,6.63,5.11,6,6
ae0054b-index-aggregates,load,aggregate,6,5.623,15,5.94,3.92,6,6
ae0054b-index-aggregates,load,aggregate,6,5.623,16,6.23,4.23,6,6
ae0054b-index-aggregates,load,aggregate,6,5.623,17,5.94,4.66,6,6
ae0054b-index-aggregates,load,aggregate,6,5.623,18,8.76,7.35,6,6
ae0054b-index-aggregates,load,aggregate,6,5.623,19,6.22,4.80,6,6
ae0054b-index-aggregates,load,aggregate,6,10,0,5.77,4.27,6,6
ae0054b-index-aggregates,load,aggregate,6,10,1,6.19,4.53,6,6
ae0054b-index-aggregates,load,aggregate,6,10,2,11.20,8.92,6,6
ae0054b-index-aggregates,load,aggregate,6,10,3,6.31,3.87,6,6
ae0054b-index-aggregates,load,aggregate,6,10,4,9.33,7.44,6,6
ae0054b-index-aggregates,load,aggregate,6,10,5,10.05,8.03,6,6
ae0054b-index-aggregates,load,aggregate,6,10,6,10.88,9.01,6,6
ae0054b-index-aggregates,load,aggregate,6,10,7,12.07,9.68,6,6
ae0054b-index-aggregates,load,aggregate,6,10,8,13.53,11.43,6,6
ae0054b-index-aggregates,load,aggregate,6,10,9,9.25,7.16,6,6
ae0054b-index-aggregates,load,aggregate,6,10,10,8.44,6.18,6,6
ae0054b-index-aggregates,load,aggregate,6,10,11,6.44,4.33,6,6
ae0054b-index-aggregates,load,aggregate,6,10,12,6.87,5.13,6,6
ae0054b-index-aggregates,load,aggregate,6,10,13,6.66,4.37,6,6
ae0054b-index-aggregates,load,aggregate,6,10,14,7.16,4.70,6,6
ae0054b-index-aggregates,load,aggregate,6,10,15,6.32,4.21,6,6
ae0054b-index-aggregates,load,aggregate,6,10,16,6.10,4.07,6,6
ae0054b-index-aggregates,load,aggregate,6,10,17,11.63,9.10,6,6
ae0054b-index-aggregates,load,aggregate,6,10,18,7.50,5.30,6,6
ae0054b-index-aggregates,load,aggregate,6,10,19,8.22,4.81,6,6
ae0054b-index-aggregates,load,aggregate,6,17.78,0,8.76,6.69,6,6
ae0054b-index-aggregates,load,aggregate,6,17.78,1,6.40,4.19,6,6
ae0054b-index-aggregates,load,aggregate,6,17.78,2,11.18,9.36,6,6
ae0054b-index-aggregates,load,aggregate,6,17.78,3,13.13,11.85,6,6
ae0054b-index-aggregates,load,aggregate,6,17.78,4,17.13,15.07,6,6
ae0054b-index-aggregates,load,aggregate,6,17.78,5,5.98,4.44,6,6
ae0054b-index-aggregates,load,aggregate,6,17.78,6,5.51,3.95,6,6
ae0054b-index-aggregates,load,aggregate,6,17.78,7,10.32,8.74,6,6
ae0054b-index-aggregates,load,aggregate,6,17.78,8,5.06,3.76,5,6
ae0054b-index-aggregates,load,aggregate,6,17.78,9,9.11,7.42,6,6
ae0054b-index-aggregates,load,aggregate,6,17.78,10,10.33,8.64,6,6
ae0054b-index-aggregates,load,aggregate,6,17.78,11,8.34,6.69,6,6
ae0054b-index-aggregates,load,aggregate,6,17.78,12,5.60,3.68,6,6
ae0054b-index-aggregates,load,aggregate,6,17.78,13,10.01,8.26,6,6
ae0054b-index-aggregates,load,aggregate,6,17.78,14,6.10,4.36,6,6
ae0054b-index-aggregates,load,aggregate,6,17.78,15,8.33,7.09,6,6
ae0054b-index-aggregates,load,aggregate,6,17.78,16,6.54,4.28,6,6
ae0054b-index-aggregates,load,aggregate,6,17.78,17,5.62,3.96,6,6
ae0054b-index-aggregates,load,aggregate,6,17.78,18,12.98,11.32,6,6
ae0054b-index-aggregates,load,aggregate,6,17.78,19,5.92,4.24,6,6
ae0054b-index-aggregates,load,aggregate,6,31.62,0,6.12,4.79,6,6
ae0054b-index-aggregates,load,aggregate,6,31.62,1,7.03,5.48,6,6
ae0054b-index-aggregates,load,aggregate,6,31.62,2,6.46,4.76,6,6
ae0054b-index-aggregates,load,aggregate,6,31.62,3,6.22,4.22,6,6
ae0054b-index-aggregates,load,aggregate,6,31.62,4,6.38,4.57,6,6
ae0054b-index-aggregates,load,aggregate,6,31.62,5,6.23,4.41,6,6
ae0054b-index-aggregates,load,aggregate,6,31.62,6,9.98,8.39,6,6
ae0054b-index-aggregates,load,aggregate,6,31.62,7,7.94,6.47,6,6
ae0054b-index-aggregates,load,aggregate,6,31.62,8,9.23,7.21,6,6
ae0054b-index-aggregates,load,aggregate,6,31.62,9,12.09,9.95,6,6
ae0054b-index-aggregates,load,aggregate,6,31.62,10,9.49,6.91,6,6
ae0054b-index-aggregates,load,aggregate,6,31.62,11,8.05,5.28,6,6
ae0054b-index-aggregates,load,aggregate,6,31.62,12,6.79,4.90,6,6
ae0054b-index-aggregates,load,aggregate,6,31.62,13,7.16,5.21,6,6
ae0054b-index-aggregates,load,aggregate,6,31.62,14,10.39,8.18,6,6
ae0054b-index-aggregates,load,aggregate,6,31.62,15,11.71,9.99,6,6
ae0054b-index-aggregates,load,aggregate,6,31.62,16,6.80,4.87,6,6
ae0054b-index-aggregates,load,aggregate,6,31.62,17,13.33,8.98,6,6
ae0054b-index-aggregates,load,aggregate,6,31.62,18,12.45,10.30,6,6
ae0054b-index-aggregates,load,aggregate,6,31.62,19,6.55,4.81,6,6
ae0054b-index-aggregates,load,aggregate,6,56.23,0,6.96,5.17,5,6
ae0054b-index-aggregates,load,aggregate,6,56.23,1,7.31,5.04,6,6
ae0054b-index-aggregates,load,aggregate,6,56.23,2,7.05,4.59,6,6
ae0054b-index-aggregates,load,aggregate,6,56.23,3,7.25,5.00,6,6
ae0054b-index-aggregates,load,aggregate,6,56.23,4,10.69,6.42,6,6
ae0054b-index-aggregates,load,aggregate,6,56.23,5,8.31,6.60,5,6
ae0054b-index-aggregates,load,aggregate,6,56.23,6,9.51,8.09,6,6
ae0054b-index-aggregates,load,aggregate,6,56.23,7,5.10,3.73,5,6
ae0054b-index-aggregates,load,aggregate,6,56.23,8,11.40,9.73,6,6
ae0054b-index-aggregates,load,aggregate,6,56.23,9,5.67,4.07,6,6
ae0054b-index-aggregates,load,aggregate,6,56.23,10,9.64,8.15,6,6
ae0054b-index-aggregates,load,aggregate,6,56.23,11,6.92,5.44,6,6
ae0054b-index-aggregates,load,aggregate,6,56.23,12,6.11,4.78,6,6
ae0054b-index-aggregates,load,aggregate,6,56.23,13,12.03,9.43,6,6
ae0054b-index-aggregates,load,aggregate,6,56.23,14,7.08,5.29,6,6
ae0054b-index-aggregates,load,aggregate,6,56.23,15,6.28,4.51,6,6
ae0054b-index-aggregates,load,aggregate,6,56.23,16,6.01,4.11,6,6
ae0054b-index-aggregates,load,aggregate,6,56.23,17,7.77,5.42,6,6
ae0054b-index-aggregates,load,aggregate,6,56.23,18,6.52,3.91,6,6
ae0054b-index-aggregates,load,aggregate,6,56.23,19,7.69,6.21,6,6
ae0054b-index-aggregates,load,aggregate,6,100,0,11.35,9.49,6,6
ae0054b-index-aggregates,load,aggregate,6,100,1,10.40,8.40,6,6
ae0054b-index-aggregates,load,aggregate,6,100,2,7.61,5.92,6,6
ae0054b-index-aggregates,load,aggregate,6,100,3,8.48,6.84,6,6
ae0054b-index-aggregates,load,aggregate,6,100,4,7.89,5.41,6,6
ae0054b-index-aggregates,load,aggregate,6,100,5,8.56,6.26,6,6
ae0054b-index-aggregates,load,aggregate,6,100,6,7.28,5.85,6,6
ae0054b-index-aggregates,load,aggregate,6,100,7,8.93,7.40,6,6
ae0054b-index-aggregates,load,aggregate,6,100,8,6.62,4.45,6,6
ae0054b-index-aggregates,load,aggregate,6,100,9,9.22,7.33,5,6
ae0054b-index-aggregates,load,aggregate,6,100,10,4.96,3.57,6,6
ae0054b-index-aggregates,load,aggregate,6,100,11,8.63,7.37,6,6
ae0054b-index-aggregates,load,aggregate,6,100,12,6.72,4.43,6,6
ae0054b-index-aggregates,load,aggregate,6,100,13,7.94,6.22,6,6
ae0054b-index-aggregates,load,aggregate,6,100,14,7.70,6.14,6,6
ae0054b-index-aggregates,load,aggregate,6,100,15,6.94,5.54,6,6
ae0054b-index-aggregates,load,aggregate,6,100,16,6.38,3.86,6,6
ae0054b-index-aggregates,load,aggregate,6,100,17,6.04,4.45,6,6
ae0054b-index-aggregates,load,aggregate,6,100,18,8.66,7.20,6,6
ae0054b-index-aggregates,load,aggregate,6,100,19,6.00,4.29,6,6
ae0054b-index-aggregates,load,aggregate,6,177.8,0,6.69,4.38,6,6
ae0054b-index-aggregates,load,aggregate,6,177.8,1,6.87,4.20,6,6
ae0054b-index-aggregates,load,aggregate,6,177.8,2,6.43,4.02,6,6
ae0054b-index-aggregates,load,aggregate,6,177.8,3,9.82,7.69,6,6
ae0054b-index-aggregates,load,aggregate,6,177.8,4,6.20,4.48,6,6
ae0054b-index-aggregates,load,aggregate,6,177.8,5,5.98,3.55,6,6
ae0054b-index-aggregates,load,aggregate,6,177.8,6,6.77,5.16,6,6
ae0054b-index-aggregates,load,aggregate,6,177.8,7,8.80,7.40,6,6
ae0054b-index-aggregates,load,aggregate,6,177.8,8,6.49,4.92,6,6
ae0054b-index-aggregates,load,aggregate,6,177.8,9,6.60,5.09,6,6
ae0054b-index-aggregates,load,aggregate,6,177.8,10,6.76,4.27,6,6
ae0054b-index-aggregates,load,aggregate,6,177.8,11,6.79,4.83,6,6
ae0054b-index-aggregates,load,aggregate,6,177.8,12,6.71,4.60,6,6
ae0054b-index-aggregates,load,aggregate,6,177.8,13,7.81,5.77,6,6
ae0054b-index-aggregates,load,aggregate,6,177.8,14,6.06,4.13,6,6
ae0054b-index-aggregates,load,aggregate,6,177.8,15,6.11,4.32,6,6
ae0054b-index-aggregates,load,aggregate,6,177.8,16,6.69,4.70,6,6
ae0054b-index-aggregates,load,aggregate,6,177.8,17,10.91,8.98,6,6
ae0054b-index-aggregates,load,aggregate,6,177.8,18,9.73,7.86,6,6
ae0054b-index-aggregates,load,aggregate,6,177.8,19,6.64,4.86,6,6
ae0054b-index-aggregates,load,aggregate,6,316.2,0,5.87,4.31,6,6
ae0054b-index-aggregates,load,aggregate,6,316.2,1,6.90,4.59,6,6
ae0054b-index-aggregates,load,aggregate,6,316.2,2,10.54,8.07,6,6
ae0054b-index-aggregates,load,aggregate,6,316.2,3,7.36,4.57,6,6
ae0054b-index-aggregates,load,aggregate,6,316.2,4,6.52,4.10,6,6
ae0054b-index-aggregates,load,aggregate,6,316.2,5,9.43,6.99,6,6
ae0054b-index-aggregates,load,aggregate,6,316.2,6,10.57,8.15,6,6
ae0054b-index-aggregates,load,aggregate,6,316.2,7,9.17,7.21,6,6
ae0054b-index-aggregates,load,aggregate,6,316.2,8,6.70,5.06,6,6
ae0054b-index-aggregates,load,aggregate,6,316.2,9,8.57,7.28,6,6
ae0054b-index-aggregates,load,aggregate,6,316.2,10,8.92,7.03,6,6
ae0054b-index-aggregates,load,aggregate,6,316.2,11,6.60,5.33,6,6
ae0054b-index-aggregates,load,aggregate,6,316.2,12,5.98,4.22,6,6
ae0054b-index-aggregates,load,aggregate,6,316.2,13,5.74,3.74,6,6
ae0054b-index-aggregates,load,aggregate,6,316.2,14,7.27,5.61,6,6
ae0054b-index-aggregates,load,aggregate,6,316.2,15,11.36,9.06,6,6
ae0054b-index-aggregates,load,aggregate,6,316.2,16,13.69,12.21,6,6
ae0054b-index-aggregates,load,aggregate,6,316.2,17,11.14,8.22,6,6
ae0054b-index-aggregates,load,aggregate,6,316.2,18,11.65,9.85,6,6
ae0054b-index-aggregates,load,aggregate,6,316.2,19,5.50,3.73,6,6
ae0054b-index-aggregates,load,aggregate,6,562.3,0,5.87,3.99,6,6
ae0054b-index-aggregates,load,aggregate,6,562.3,1,6.24,4.98,6,6
ae0054b-index-aggregates,load,aggregate,6,562.3,2,9.59,8.54,6,6
ae0054b-index-aggregates,load,aggregate,6,562.3,3,5.84,4.25,6,6
ae0054b-index-aggregates,load,aggregate,6,562.3,4,6.31,4.34,6,6
ae0054b-index-aggregates,load,aggregate,6,562.3,5,7.44,5.79,6,6
ae0054b-index-aggregates,load,aggregate,6,562.3,6,6.72,4.75,8,6
ae0054b-index-aggregates,load,aggregate,6,562.3,7,6.05,4.61,6,6
ae0054b-index-aggregates,load,aggregate,6,562.3,8,6.74,4.41,6,6
ae0054b-index-aggregates,load,aggregate,6,562.3,9,9.29,7.39,6,6
ae0054b-index-aggregates,load,aggregate,6,562.3,10,7.29,5.14,6,6
ae0054b-index-aggregates,load,aggregate,6,562.3,11,9.48,7.08,6,6
ae0054b-index-aggregates,load,aggregate,6,562.3,12,6.16,4.40,6,6
ae0054b-index-aggregates,load,aggregate,6,562.3,13,9.13,7.30,6,6
ae0054b-index-aggregates,load,aggregate,6,562.3,14,5.95,3.92,6,6
ae0054b-index-aggregates,load,aggregate,6,562.3,15,7.07,5.25,6,6
ae0054b-index-aggregates,load,aggregate,6,562.3,16,6.98,3.88,6,6
ae0054b-index-aggregates,load,aggregate,6,562.3,17,6.55,4.99,6,6
ae0054b-index-aggregates,load,aggregate,6,562.3,18,6.85,4.60,6,6
ae0054b-index-aggregates,load,aggregate,6,562.3,19,6.66,4.20,6,6
ae0054b-index-aggregates,load,aggregate,6,1000,0,7.01,5.68,6,6
ae0054b-index-aggregates,load,aggregate,6,1000,1,6.37,4.32,7,6
ae0054b-index-aggregates,load,aggregate,6,1000,2,9.90,7.75,6,6
ae0054b-index-aggregates,load,aggregate,6,1000,3,9.83,7.63,6,6
ae0054b-index-aggregates,load,aggregate,6,1000,4,7.36,5.04,6,6
ae0054b-index-aggregates,load,aggregate,6,1000,5,6.80,4.77,6,6
ae0054b-index-aggregates,load,aggregate,6,1000,6,9.74,8.15,6,6
ae0054b-index-aggregates,load,aggregate,6,1000,7,6.20,3.85,6,6
ae0054b-index-aggregates,load,aggregate,6,1000,8,8.54,5.28,5,6
ae0054b-index-aggregates,load,aggregate,6,1000,9,6.73,4.68,6,6
ae0054b-index-aggregates,load,aggregate,6,1000,10,7.95,5.93,6,6
ae0054b-index-aggregates,load,aggregate,6,1000,11,8.46,6.30,7,6
ae0054b-index-aggregates,load,aggregate,6,1000,12,15.67,8.02,6,6
ae0054b-index-aggregates,load,aggregate,6,1000,13,7.48,4.98,6,6
ae0054b-index-aggregates,load,aggregate,6,1000,14,7.30,5.00,6,6
ae0054b-index-aggregates,load,aggregate,6,1000,15,7.01,4.73,6,6
ae0054b-index-aggregates,load,aggregate,6,1000,16,5.93,3.78,6,6
ae0054b-index-aggregates,load,aggregate,6,1000,17,6.46,3.82,6,6
ae0054b-index-aggregates,load,aggregate,6,1000,18,11.12,9.09,9,6
ae0054b-index-aggregates,load,aggregate,6,1000,19,7.88,5.31,6,6
ae0054b-index-aggregates,load,aggregate,6,1778,0,9.16,6.91,11,6
ae0054b-index-aggregates,load,aggregate,6,1778,1,7.98,6.14,10,6
ae0054b-index-aggregates,load,aggregate,6,1778,2,6.96,5.62,10,6
ae0054b-index-aggregates,load,aggregate,6,1778,3,8.66,7.25,8,6
ae0054b-index-aggregates,load,aggregate,6,1778,4,7.59,5.14,7,6
ae0054b-index-aggregates,load,aggregate,6,1778,5,7.50,6.10,6,6
ae0054b-index-aggregates,load,aggregate,6,1778,6,13.61,11.96,6,6
ae0054b-index-aggregates,load,aggregate,6,1778,7,11.01,9.14,6,6
ae0054b-index-aggregates,load,aggregate,6,1778,8,10.30,8.01,7,6
ae0054b-index-aggregates,load,aggregate,6,1778,9,11.54,9.09,6,6
ae0054b-index-aggregates,load,aggregate,6,1778,10,11.75,9.11,8,6
ae0054b-index-aggregates,load,aggregate,6,1778,11,17.90,15.54,6,6
ae0054b-index-aggregates,load,aggregate,6,1778,12,12.39,10.26,6,6
ae0054b-index-aggregates,load,aggregate,6,1778,13,10.10,8.14,6,6
ae0054b-index-aggregates,load,aggregate,6,1778,14,6.03,4.19,6,6
ae0054b-index-aggregates,load,aggregate,6,1778,15,5.60,3.38,6,6
ae0054b-index-aggregates,load,aggregate,6,1778,16,9.92,8.58,6,6
ae0054b-index-aggregates,load,aggregate,6,1778,17,6.66,4.47,7,6
ae0054b-index-aggregates,load,aggregate,6,1778,18,9.35,7.08,6,6
ae0054b-index-aggregates,load,aggregate,6,1778,19,6.71,4.56,6,6
ae0054b-index-aggregates,load,aggregate,6,3162,0,11.88,9.56,6,6
ae0054b-index-aggregates,load,aggregate,6,3162,1,10.14,7.59,6,6
ae0054b-index-aggregates,load,aggregate,6,3162,2,8.09,5.98,10,6
ae0054b-index-aggregates,load,aggregate,6,3162,3,10.63,8.56,12,6
ae0054b-index-aggregates,load,aggregate,6,3162,4,9.04,7.05,6,6
ae0054b-index-aggregates,load,aggregate,6,3162,5,7.12,5.15,6,6
ae0054b-index-aggregates,load,aggregate,6,3162,6,7.73,5.90,7,6
ae0054b-index-aggregates,load,aggregate,6,3162,7,7.43,5.83,6,6
ae0054b-index-aggregates,load,aggregate,6,3162,8,12.21,10.72,6,6
ae0054b-index-aggregates,load,aggregate,6,3162,9,6.99,5.72,6,6
ae0054b-index-aggregates,load,aggregate,6,3162,10,9.05,7.61,11,6
ae0054b-index-aggregates,load,aggregate,6,3162,11,10.29,8.03,12,6
ae0054b-index-aggregates,load,aggregate,6,3162,12,6.52,4.88,6,6
ae0054b-index-aggregates,load,aggregate,6,3162,13,10.49,8.50,6,6
ae0054b-index-aggregates,load,aggregate,6,3162,14,7.33,5.44,8,6
ae0054b-index-aggregates,load,aggregate,6,3162,15,6.85,4.68,7,6
ae0054b-index-aggregates,load,aggregate,6,3162,16,8.79,7.35,11,6
ae0054b-index-aggregates,load,aggregate,6,3162,17,7.56,5.97,7,6
ae0054b-index-aggregates,load,aggregate,6,3162,18,8.13,6.34,6,6
ae0054b-index-aggregates,load,aggregate,6,3162,19,7.78,6.13,10,6
ae0054b-index-aggregates,load,aggregate,6,5623,0,8.55,6.96,6,6
ae0054b-index-aggregates,load,aggregate,6,5623,1,6.72,5.33,6,6
ae0054b-index-aggregates,load,aggregate,6,5623,2,7.94,6.12,6,6
ae0054b-index-aggregates,load,aggregate,6,5623,3,7.61,5.63,10,6
ae0054b-index-aggregates,load,aggregate,6,5623,4,9.70,8.06,6,6
ae0054b-index-aggregates,load,aggregate,6,5623,5,7.87,5.55,6,6
ae0054b-index-aggregates,load,aggregate,6,5623,6,9.67,7.73,6,6
ae0054b-index-aggregates,load,aggregate,6,5623,7,8.36,5.20,6,6
ae0054b-index-aggregates,load,aggregate,6,5623,8,10.72,8.65,12,6
ae0054b-index-aggregates,load,aggregate,6,5623,9,8.70,7.21,6,6
ae0054b-index-aggregates,load,aggregate,6,5623,10,8.02,6.36,8,6
ae0054b-index-aggregates,load,aggregate,6,5623,11,6.59,4.99,6,6
ae0054b-index-aggregates,load,aggregate,6,5623,12,10.02,8.19,6,6
ae0054b-index-aggregates,load,aggregate,6,5623,13,9.01,7.27,11,6
ae0054b-index-aggregates,load,aggregate,6,5623,14,10.42,8.51,8,6
ae0054b-index-aggregates,load,aggregate,6,5623,15,7.32,5.40,8,6
ae0054b-index-aggregates,load,aggregate,6,5623,16,8.22,6.09,6,6
ae0054b-index-aggregates,load,aggregate,6,5623,17,8.80,7.02,6,6
ae0054b-index-aggregates,load,aggregate,6,5623,18,10.55,8.31,12,6
ae0054b-index-aggregates,load,aggregate,6,5623,19,15.25,11.14,8,6
ae0054b-index-aggregates,load,aggregate,6,1e+04,0,9.36,7.02,12,6
ae0054b-index-aggregates,load,aggregate,6,1e+04,1,12.27,10.39,12,6
ae0054b-index-aggregates,load,aggregate,6,1e+04,2,10.60,8.25,12,6
ae0054b-index-aggregates,load,aggregate,6,1e+04,3,15.20,13.50,12,6
ae0054b-index-aggregates,load,aggregate,6,1e+04,4,9.89,7.89,12,6
ae0054b-index-aggregates,load,aggregate,6,1e+04,5,8.98,6.97,12,6
ae0054b-index-aggregates,load,aggregate,6,1e+04,6,8.48,7.09,12,6
ae0054b-index-aggregates,load,aggregate,6,1e+04,7,9.08,7.56,12,6
ae0054b-index-aggregates,load,aggregate,6,1e+04,8,12.22,10.42,12,6
ae0054b-index-aggregates,load,aggregate,6,1e+04,9,10.91,9.61,12,6
ae0054b-index-aggregates,load,aggregate,6,1e+04,10,8.58,7.15,12,6
ae0054b-index-aggregates,load,aggregate,6,1e+04,11,9.70,7.55,12,6
ae0054b-index-aggregates,load,aggregate,6,1e+04,12,7.25,5.59,10,6
ae0054b-index-aggregates,load,aggregate,6,1e+04,13,9.29,8.06,12,6
ae0054b-index-aggregates,load,aggregate,6,1e+04,14,10.28,8.69,12,6
ae0054b-index-aggregates,load,aggregate,6,1e+04,15,9.59,7.37,12,6
ae0054b-index-aggregates,load,aggregate,6,1e+04,16,10.86,9.36,12,6
ae0054b-index-aggregates,load,aggregate,6,1e+04,17,8.17,6.79,11,6
ae0054b-index-aggregates,load,aggregate,6,1e+04,18,10.26,8.52,12,6
ae0054b-index-aggregates,load,aggregate,6,1e+04,19,9.11,6.91,12,6
ae0054b-index-aggregates,load,aggregate,6,1.778e+04,0,8.88,6.98,12,6
ae0054b-index-aggregates,load,aggregate,6,1.778e+04,1,9.51,6.76,12,6
ae0054b-index-aggregates,load,aggregate,6,1.778e+04,2,9.02,7.28,12,6
ae0054b-index-aggregates,load,aggregate,6,1.778e+04,3,9.14,7.54,12,6
ae0054b-index-aggregates,load,aggregate,6,1.778e+04,4,9.06,7.21,12,6
ae0054b-index-aggregates,load,aggregate,6,1.778e+04,5,10.44,9.27,12,6
ae0054b-index-aggregates,load,aggregate,6,1.778e+04,6,9.60,8.06,12,6
ae0054b-index-aggregates,load,aggregate,6,1.778e+04,7,8.39,6.78,12,6
ae0054b-index-aggregates,load,aggregate,6,1.778e+04,8,8.88,7.16,12,6
ae0054b-index-aggregates,load,aggregate,6,1.778e+04,9,8.11,6.64,12,6
ae0054b-index-aggregates,load,aggregate,6,1.778e+04,10,11.02,9.63,12,6
ae0054b-index-aggregates,load,aggregate,6,1.778e+04,11,10.73,8.96,11,6
ae0054b-index-aggregates,load,aggregate,6,1.778e+04,12,8.63,6.95,12,6
ae0054b-index-aggregates,load,aggregate,6,1.778e+04,13,13.68,11.75,12,6
ae0054b-index-aggregates,load,aggregate,6,1.778e+04,14,8.67,7.02,11,6
ae0054b-index-aggregates,load,aggregate,6,1.778e+04,15,9.01,7.17,12,6
ae0054b-index-aggregates,load,aggregate,6,1.778e+04,16,9.07,7.61,12,6
ae0054b-index-aggregates,load,aggregate,6,1.778e+04,17,8.99,7.23,12,6
ae0054b-index-aggregates,load,aggregate,6,1.778e+04,18,8.26,6.73,11,6
ae0054b-index-aggregates,load,aggregate,6,1.778e+04,19,10.26,8.03,10,6
ae0054b-index-aggregates,load,aggregate,6,3.162e+04,0,9.11,7.20,12,6
ae0054b-index-aggregates,load,aggregate,6,3.162e+04,1,9.68,6.86,12,6
ae0054b-index-aggregates,load,aggregate,6,3.162e+04,2,8.41,6.55,12,6
ae0054b-index-aggregates,load,aggregate,6,3.162e+04,3,9.05,7.58,12,6
ae0054b-index-aggregates,load,aggregate,6,3.162e+04,4,10.90,9.37,12,6
ae0054b-index-aggregates,load,aggregate,6,3.162e+04,5,8.88,7.21,12,6
ae0054b-index-aggregates,load,aggregate,6,3.162e+04,6,6.32,4.64,6,6
ae0054b-index-aggregates,load,aggregate,6,3.162e+04,7,8.78,6.91,12,6
ae0054b-index-aggregates,load,aggregate,6,3.162e+04,8,8.52,6.40,11,6
ae0054b-index-aggregates,load,aggregate,6,3.162e+04,9,10.36,8.70,12,6
ae0054b-index-aggregates,load,aggregate,6,3.162e+04,10,9.34,7.33,12,6
ae0054b-index-aggregates,load,aggregate,6,3.162e+04,11,10.70,8.87,12,6
ae0054b-index-aggregates,load,aggregate,6,3.162e+04,12,13.50,11.01,12,6
ae0054b-index-aggregates,load,aggregate,6,3.162e+04,13,8.37,6.91,12,6
ae0054b-index-aggregates,load,aggregate,6,3.162e+04,14,8.00,6.23,12,6
ae0054b-index-aggregates,load,aggregate,6,3.162e+04,15,8.64,6.75,12,6
ae0054b-index-aggregates,load,aggregate,6,3.162e+04,16,8.32,6.73,11,6
ae0054b-index-aggregates,load,aggregate,6,3.162e+04,17,10.39,8.64,12,6
ae0054b-index-aggregates,load,aggregate,6,3.162e+04,18,14.01,11.97,11,6
ae0054b-index-aggregates,load,aggregate,6,3.162e+04,19,17.35,15.76,12,6
ae0054b-index-aggregates,load,aggregate,6,5.623e+04,0,17.52,15.88,12,6
ae0054b-index-aggregates,load,aggregate,6,5.623e+04,1,11.10,9.63,12,6
ae0054b-index-aggregates,load,aggregate,6,5.623e+04,2,11.33,9.60,12,6
ae0054b-index-aggregates,load,aggregate,6,5.623e+04,3,10.86,9.30,12,6
ae0054b-index-aggregates,load,aggregate,6,5.623e+04,4,10.24,8.64,12,6
ae0054b-index-aggregates,load,aggregate,6,5.623e+04,5,10.47,8.88,12,6
ae0054b-index-aggregates,load,aggregate,6,5.623e+04,6,14.74,13.05,12,6
ae0054b-index-aggregates,load,aggregate,6,5.623e+04,7,11.47,9.67,12,6
ae0054b-index-aggregates,load,aggregate,6,5.623e+04,8,9.92,8.06,12,6
ae0054b-index-aggregates,load,aggregate,6,5.623e+04,9,9.68,8.24,11,6
ae0054b-index-aggregates,load,aggregate,6,5.623e+04,10,10.27,8.44,12,6
ae0054b-index-aggregates,load,aggregate,6,5.623e+04,11,9.11,7.28,12,6
ae0054b-index-aggregates,load,aggregate,6,5.623e+04,12,8.59,7.36,12,6
ae0054b-index-aggregates,load,aggregate,6,5.623e+04,13,8.32,6.47,11,6
ae0054b-index-aggregates,load,aggregate,6,5.623e+04,14,10.26,8.89,11,6
ae0054b-index-aggregates,load,aggregate,6,5.623e+04,15,9.86,8.48,12,6
ae0054b-index-aggregates,load,aggregate,6,5.623e+04,16,12.23,10.21,12,6
ae0054b-index-aggregates,load,aggregate,6,5.623e+04,17,12.63,10.92,12,6
ae0054b-index-aggregates,load,aggregate,6,5.623e+04,18,10.37,8.64,12,6
ae0054b-index-aggregates,load,aggregate,6,5.623e+04,19,8.61,6.76,12,6
ae0054b-index-aggregates,load,aggregate,1,1e+05,0,4.89,2.95,2,1
ae0054b-index-aggregates,load,aggregate,1,1e+05,1,5.43,3.46,2,1
ae0054b-index-aggregates,load,aggregate,1,1e+05,2,6.19,4.70,2,1
ae0054b-index-aggregates,load,aggregate,1,1e+05,3,4.38,3.03,2,1
ae0054b-index-aggregates,load,aggregate,1,1e+05,4,10.89,9.66,2,1
ae0054b-index-aggregates,load,aggregate,1,1e+05,5,9.79,8.21,2,1
ae0054b-index-aggregates,load,aggregate,1,1e+05,6,6.81,5.47,2,1
ae0054b-index-aggregates,load,aggregate,1,1e+05,7,7.63,6.11,2,1
ae0054b-index-aggregates,load,aggregate,1,1e+05,8,4.71,3.50,2,1
ae0054b-index-aggregates,load,aggregate,1,1e+05,9,7.17,5.71,2,1
ae0054b-index-aggregates,load,aggregate,1,1e+05,10,5.90,4.67,2,1
ae0054b-index-aggregates,load,aggregate,1,1e+05,11,7.05,5.80,2,1
ae0054b-index-aggregates,load,aggregate,1,1e+05,12,6.87,5.63,2,1
ae0054b-index-aggregates,load,aggregate,1,1e+05,13,9.85,8.30,2,1
ae0054b-index-aggregates,load,aggregate,1,1e+05,14,6.16,4.90,2,1
ae0054b-index-aggregates,load,aggregate,1,1e+05,15,6.65,5.41,2,1
ae0054b-index-aggregates,load,aggregate,1,1e+05,16,7.26,5.92,2,1
ae0054b-index-aggregates,load,aggregate,1,1e+05,17,6.31,4.97,2,1
ae0054b-index-aggregates,load,aggregate,1,1e+05,18,7.24,5.98,2,1
ae0054b-index-aggregates,load,aggregate,1,1e+05,19,6.79,5.63,2,1
ae0054b-index-aggregates,load,aggregate,1,1.778e+05,0,7.54,6.10,2,1
ae0054b-index-aggregates,load,aggregate,1,1.778e+05,1,8.40,7.08,2,1
ae0054b-index-aggregates,load,aggregate,1,1.778e+05,2,7.78,6.22,2,1
ae0054b-index-aggregates,load,aggregate,1,1.778e+05,3,7.44,6.08,2,1
ae0054b-index-aggregates,load,aggregate,1,1.778e+05,4,8.69,7.08,2,1
ae0054b-index-aggregates,load,aggregate,1,1.778e+05,5,8.99,7.73,2,1
ae0054b-index-aggregates,load,aggregate,1,1.778e+05,6,8.67,7.34,2,1
ae0054b-index-aggregates,load,aggregate,1,1.778e+05,7,8.89,7.12,2,1
ae0054b-index-aggregates,load,aggregate,1,1.778e+05,8,8.70,7.22,2,1
ae0054b-index-aggregates,load,aggregate,1,1.778e+05,9,7.94,6.34,2,1
ae0054b-index-aggregates,load,aggregate,1,1.778e+05,10,9.43,7.50,2,1
ae0054b-index-aggregates,load,aggregate,1,1.778e+05,11,6.47,5.02,2,1
ae0054b-index-aggregates,load,aggregate,1,1.778e+05,12,12.24,10.60,2,1
ae0054b-index-aggregates,load,aggregate,1,1.778e+05,13,12.89,11.26,2,1
ae0054b-index-aggregates,load,aggregate,1,1.778e+05,14,11.24,9.29,2,1
ae0054b-index-aggregates,load,aggregate,1,1.778e+05,15,9.07,7.78,2,1
ae0054b-index-aggregates,load,aggregate,1,1.778e+05,16,8.02,6.65,2,1
ae0054b-index-aggregates,load,aggregate,1,1.778e+05,17,9.66,8.03,2,1
ae0054b-index-aggregates,load,aggregate,1,1.778e+05,18,9.18,7.44,2,1
ae0054b-index-aggregates,load,aggregate,1,1.778e+05,19,8.26,6.53,2,1
ae0054b-index-aggregates,load,aggregate,6,1e+05,0,8.78,7.00,6,6
ae0054b-index-aggregates,load,aggregate,6,1e+05,1,16.25,14.26,12,6
ae0054b-index-aggregates,load,aggregate,6,1e+05,2,17.18,15.65,12,6
ae0054b-index-aggregates,load,aggregate,6,1e+05,3,15.05,13.81,12,6
ae0054b-index-aggregates,load,aggregate,6,1e+05,4,15.42,13.53,12,6
ae0054b-index-aggregates,load,aggregate,6,1e+05,5,11.98,10.34,12,6
ae0054b-index-aggregates,load,aggregate,6,1e+05,6,15.94,14.24,12,6
ae0054b-index-aggregates,load,aggregate,6,1e+05,7,14.84,13.33,12,6
ae0054b-index-aggregates,load,aggregate,6,1e+05,8,14.65,12.61,12,6
ae0054b-index-aggregates,load,aggregate,6,1e+05,9,17.40,15.17,12,6
ae0054b-index-aggregates,load,aggregate,6,1e+05,10,11.60,10.30,12,6
ae0054b-index-aggregates,load,aggregate,6,1e+05,11,10.61,9.03,12,6
ae0054b-index-aggregates,load,aggregate,6,1e+05,12,16.85,15.22,12,6
ae0054b-index-aggregates,load,aggregate,6,1e+05,13,10.53,9.00,12,6
ae0054b-index-aggregates,load,aggregate,6,1e+05,14,12.44,11.10,12,6
ae0054b-index-aggregates,load,aggregate,6,1e+05,15,18.07,12.76,12,6
ae0054b-index-aggregates,load,aggregate,6,1e+05,16,16.11,14.82,12,6
ae0054b-index-aggregates,load,aggregate,6,1e+05,17,14.03,12.21,12,6
ae0054b-index-aggregates,load,aggregate,6,1e+05,18,15.77,14.20,12,6
ae0054b-index-aggregates,load,aggregate,6,1e+05,19,14.43,12.51,12,6
ae0054b-index-aggregates,load,aggregate,6,1.778e+05,0,13.81,12.05,11,6
ae0054b-index-aggregates,load,aggregate,6,1.778e+05,1,12.93,11.53,11,6
ae0054b-index-aggregates,load,aggregate,6,1.778e+05,2,13.65,12.06,12,6
ae0054b-index-aggregates,load,aggregate,6,1.778e+05,3,14.78,12.89,12,6
ae0054b-index-aggregates,load,aggregate,6,1.778e+05,4,11.82,9.88,10,6
ae0054b-index-aggregates,load,aggregate,6,1.778e+05,5,14.76,12.82,12,6
ae0054b-index-aggregates,load,aggregate,6,1.778e+05,6,15.39,13.23,12,6
ae0054b-index-aggregates,load,aggregate,6,1.778e+05,7,13.78,11.96,12,6
ae0054b-index-aggregates,load,aggregate,6,1.778e+05,8,15.66,13.31,12,6
ae0054b-index-aggregates,load,aggregate,6,1.778e+05,9,13.03,11.15,12,6
ae0054b-index-aggregates,load,aggregate,6,1.778e+05,10,14.49,12.33,12,6
ae0054b-index-aggregates,load,aggregate,6,1.778e+05,11,16.52,14.29,12,6
ae0054b-index-aggregates,load,aggregate,6,1.778e+05,12,21.45,19.59,12,6
ae0054b-index-aggregates,load,aggregate,6,1.778e+05,13,14.31,12.84,12,6
ae0054b-index-aggregates,load,aggregate,6,1.778e+05,14,12.71,11.11,12,6
ae0054b-index-aggregates,load,aggregate,6,1.778e+05,15,15.82,14.37,12,6
ae0054b-index-aggregates,load,aggregate,6,1.778e+05,16,20.38,18.25,11,6
ae0054b-index-aggregates,load,aggregate,6,1.778e+05,17,19.85,17.26,12,6
ae0054b-index-aggregates,load,aggregate,6,1.778e+05,18,24.79,21.92,11,6
ae0054b-index-aggregates,load,aggregate,6,1.778e+05,19,15.81,14.15,12,6
