dataset,type,metrics,span_s,rep,latency_ms,db_max_ms,data_requests,points
diss,timeline,1,1,0,12.07,9.04,1,1001
diss,timeline,1,1,1,9.12,7.13,1,1001
diss,timeline,1,1,2,8.54,6.40,1,1001
diss,timeline,1,1,3,10.39,8.72,1,1001
diss,timeline,1,1,4,8.07,6.33,1,1001
diss,timeline,1,1,5,8.53,6.94,1,1001
diss,timeline,1,1,6,7.38,5.74,1,1001
diss,timeline,1,1,7,8.46,6.84,1,1001
diss,timeline,1,1,8,7.38,5.74,1,1001
diss,timeline,1,1,9,9.87,6.40,1,1001
diss,timeline,1,1,10,8.63,6.23,1,1001
diss,timeline,1,1,11,9.77,7.74,1,1001
diss,timeline,1,1,12,8.36,5.86,1,1001
diss,timeline,1,1,13,11.03,8.56,1,1001
diss,timeline,1,1,14,10.69,7.62,1,1001
diss,timeline,1,1,15,10.23,7.44,1,1001
diss,timeline,1,1,16,9.39,6.62,1,1001
diss,timeline,1,1,17,9.83,7.17,1,1001
diss,timeline,1,1,18,9.21,6.54,1,1001
diss,timeline,1,1,19,9.45,7.38,1,1001
diss,timeline,1,1.334,0,7.94,5.79,1,1334
diss,timeline,1,1.334,1,12.93,11.20,1,1335
diss,timeline,1,1.334,2,10.54,8.52,1,1335
diss,timeline,1,1.334,3,8.78,6.72,1,1335
diss,timeline,1,1.334,4,7.50,5.55,1,1334
diss,timeline,1,1.334,5,7.87,5.03,1,1335
diss,timeline,1,1.334,6,12.45,9.70,1,1335
diss,timeline,1,1.334,7,8.26,5.78,1,1335
diss,timeline,1,1.334,8,9.38,6.49,1,1334
diss,timeline,1,1.334,9,9.27,6.40,1,1335
diss,timeline,1,1.334,10,7.17,5.16,1,1335
diss,timeline,1,1.334,11,6.75,4.80,1,1335
diss,timeline,1,1.334,12,7.99,5.84,1,1334
diss,timeline,1,1.334,13,7.42,5.17,1,1334
diss,timeline,1,1.334,14,6.07,4.45,1,1335
diss,timeline,1,1.334,15,6.94,4.98,1,1335
diss,timeline,1,1.334,16,7.03,5.06,1,1334
diss,timeline,1,1.334,17,7.31,5.13,1,1334
diss,timeline,1,1.334,18,9.16,6.33,1,1334
diss,timeline,1,1.334,19,9.64,6.69,1,1334
diss,timeline,1,1.778,0,7.66,4.24,1,1780
diss,timeline,1,1.778,1,7.05,3.78,1,1780
diss,timeline,1,1.778,2,7.07,4.80,1,1780
diss,timeline,1,1.778,3,7.62,5.18,1,1779
diss,timeline,1,1.778,4,7.22,4.78,1,1779
diss,timeline,1,1.778,5,9.96,7.47,1,1779
diss,timeline,1,1.778,6,10.62,7.79,1,1779
diss,timeline,1,1.778,7,9.83,6.71,1,1779
diss,timeline,1,1.778,8,8.75,6.32,1,1779
diss,timeline,1,1.778,9,2.21,0.27,0,1780
diss,timeline,1,1.778,10,8.72,5.92,1,1779
diss,timeline,1,1.778,11,7.80,5.19,1,1779
diss,timeline,1,1.778,12,7.84,5.25,1,1779
diss,timeline,1,1.778,13,8.40,6.00,1,1779
diss,timeline,1,1.778,14,8.70,6.31,1,1779
diss,timeline,1,1.778,15,8.29,5.45,1,1779
diss,timeline,1,1.778,16,8.24,5.63,1,1779
diss,timeline,1,1.778,17,5.79,3.09,1,1779
diss,timeline,1,1.778,18,5.58,2.72,1,1779
diss,timeline,1,1.778,19,8.19,5.80,1,1779
diss,timeline,1,2.371,0,8.26,5.52,1,2372
diss,timeline,1,2.371,1,7.05,3.29,1,2373
diss,timeline,1,2.371,2,9.32,6.14,1,2372
diss,timeline,1,2.371,3,5.58,2.83,1,2372
diss,timeline,1,2.371,4,6.69,3.55,1,2372
diss,timeline,1,2.371,5,9.82,6.58,1,2373
diss,timeline,1,2.371,6,6.26,2.86,1,2372
diss,timeline,1,2.371,7,9.45,6.79,1,2372
diss,timeline,1,2.371,8,9.35,5.76,1,2373
diss,timeline,1,2.371,9,13.44,9.56,1,2372
diss,timeline,1,2.371,10,10.92,6.90,1,2372
diss,timeline,1,2.371,11,11.64,7.48,1,2373
diss,timeline,1,2.371,12,9.88,6.15,1,2372
diss,timeline,1,2.371,13,10.72,6.69,1,2373
diss,timeline,1,2.371,14,11.11,7.04,1,2372
diss,timeline,1,2.371,15,16.33,11.93,1,2372
diss,timeline,1,2.371,16,11.29,8.65,1,2373
diss,timeline,1,2.371,17,10.52,8.02,1,2373
diss,timeline,1,2.371,18,5.30,3.11,1,2373
diss,timeline,1,2.371,19,5.42,3.09,1,2373
diss,timeline,1,3.162,0,7.54,4.61,1,3163
diss,timeline,1,3.162,1,10.92,7.26,1,3163
diss,timeline,1,3.162,2,10.19,7.27,1,3163
diss,timeline,1,3.162,3,9.26,5.97,1,3163
diss,timeline,1,3.162,4,8.81,6.33,1,3163
diss,timeline,1,3.162,5,10.40,7.94,1,3163
diss,timeline,1,3.162,6,12.12,8.04,1,3164
diss,timeline,1,3.162,7,14.73,10.89,1,3163
diss,timeline,1,3.162,8,8.88,5.93,1,3164
diss,timeline,1,3.162,9,10.69,6.96,1,3164
diss,timeline,1,3.162,10,9.56,5.74,1,3163
diss,timeline,1,3.162,11,8.75,5.66,1,3163
diss,timeline,1,3.162,12,9.33,6.03,1,3163
diss,timeline,1,3.162,13,10.28,6.01,1,3163
diss,timeline,1,3.162,14,8.43,5.31,1,3163
diss,timeline,1,3.162,15,10.22,7.45,1,3163
diss,timeline,1,3.162,16,8.41,4.50,1,3164
diss,timeline,1,3.162,17,9.38,7.08,1,3163
diss,timeline,1,3.162,18,7.27,4.57,1,3163
diss,timeline,1,3.162,19,6.24,3.55,1,3163
diss,timeline,1,4.217,0,8.80,5.26,1,4218
diss,timeline,1,4.217,1,7.63,3.76,1,4218
diss,timeline,1,4.217,2,10.49,6.76,1,4218
diss,timeline,1,4.217,3,10.61,6.74,1,4217
diss,timeline,1,4.217,4,8.39,5.42,1,4218
diss,timeline,1,4.217,5,10.09,6.22,1,4218
diss,timeline,1,4.217,6,12.91,7.70,1,4218
diss,timeline,1,4.217,7,13.65,7.44,1,4218
diss,timeline,1,4.217,8,9.67,5.48,1,4218
diss,timeline,1,4.217,9,9.65,4.77,1,4218
diss,timeline,1,4.217,10,11.82,7.36,1,4218
diss,timeline,1,4.217,11,13.70,8.04,1,4218
diss,timeline,1,4.217,12,12.11,7.62,1,4218
diss,timeline,1,4.217,13,13.71,7.56,1,4218
diss,timeline,1,4.217,14,11.64,7.96,1,4218
diss,timeline,1,4.217,15,14.79,10.64,1,4218
diss,timeline,1,4.217,16,10.39,6.66,1,4217
diss,timeline,1,4.217,17,8.24,3.69,1,4218
diss,timeline,1,4.217,18,13.54,7.70,1,4218
diss,timeline,1,4.217,19,12.38,6.98,1,4218
diss,timeline,1,5.623,0,15.27,11.52,1,5624
diss,timeline,1,5.623,1,11.05,6.62,1,5625
diss,timeline,1,5.623,2,12.30,8.09,1,5624
diss,timeline,1,5.623,3,12.08,7.46,1,5624
diss,timeline,1,5.623,4,8.01,5.12,1,5624
diss,timeline,1,5.623,5,7.07,3.87,1,5624
diss,timeline,1,5.623,6,9.87,6.63,1,5624
diss,timeline,1,5.623,7,13.88,9.35,1,5625
diss,timeline,1,5.623,8,15.79,11.93,1,5624
diss,timeline,1,5.623,9,12.59,8.24,1,5624
diss,timeline,1,5.623,10,11.21,6.88,1,5624
diss,timeline,1,5.623,11,15.27,9.01,1,5624
diss,timeline,1,5.623,12,12.64,7.18,1,5624
diss,timeline,1,5.623,13,11.82,7.27,1,5624
diss,timeline,1,5.623,14,10.51,6.43,1,5625
diss,timeline,1,5.623,15,12.30,6.60,1,5624
diss,timeline,1,5.623,16,9.28,4.53,1,5625
diss,timeline,1,5.623,17,11.90,7.78,1,5624
diss,timeline,1,5.623,18,10.39,5.90,1,5625
diss,timeline,1,5.623,19,15.33,10.80,1,5625
diss,timeline,1,7.499,0,14.15,7.51,1,7500
diss,timeline,1,7.499,1,11.57,7.24,1,7499
diss,timeline,1,7.499,2,15.04,9.84,1,7500
diss,timeline,1,7.499,3,13.11,6.89,1,7500
diss,timeline,1,7.499,4,13.44,7.23,1,7500
diss,timeline,1,7.499,5,12.11,7.03,1,7500
diss,timeline,1,7.499,6,11.98,6.69,1,7500
diss,timeline,1,7.499,7,14.09,7.49,1,7499
diss,timeline,1,7.499,8,15.14,7.19,1,7500
diss,timeline,1,7.499,9,16.31,8.90,1,7500
diss,timeline,1,7.499,10,12.50,6.99,1,7500
diss,timeline,1,7.499,11,13.31,7.35,1,7500
diss,timeline,1,7.499,12,10.03,5.79,1,7500
diss,timeline,1,7.499,13,9.23,4.96,1,7500
diss,timeline,1,7.499,14,11.06,6.60,1,7500
diss,timeline,1,7.499,15,15.14,10.33,1,7500
diss,timeline,1,7.499,16,11.20,5.06,1,7500
diss,timeline,1,7.499,17,10.52,4.06,1,7500
diss,timeline,1,7.499,18,13.14,7.29,1,7500
diss,timeline,1,7.499,19,13.34,7.78,1,7500
diss,timeline,1,10,0,15.12,7.75,1,10001
diss,timeline,1,10,1,13.44,5.54,1,10001
diss,timeline,1,10,2,14.44,5.72,1,10001
diss,timeline,1,10,3,15.00,8.35,1,10001
diss,timeline,1,10,4,14.28,7.65,1,10001
diss,timeline,1,10,5,17.02,9.65,1,10001
diss,timeline,1,10,6,15.34,8.56,1,10001
diss,timeline,1,10,7,14.31,6.79,1,10001
diss,timeline,1,10,8,17.25,9.97,1,10001
diss,timeline,1,10,9,26.25,17.79,1,10001
diss,timeline,1,10,10,22.03,14.25,1,10001
diss,timeline,1,10,11,15.14,9.20,1,10001
diss,timeline,1,10,12,20.81,15.03,1,10001
diss,timeline,1,10,13,17.36,8.45,1,10001
diss,timeline,1,10,14,17.61,9.84,1,10001
diss,timeline,1,10,15,15.58,7.85,1,10001
diss,timeline,1,10,16,13.77,6.97,1,10001
diss,timeline,1,10,17,13.16,5.42,1,10001
diss,timeline,1,10,18,14.62,6.54,1,10001
diss,timeline,1,10,19,12.67,6.48,1,10001
diss,timeline,1,13.34,0,18.67,7.90,1,13337
diss,timeline,1,13.34,1,18.42,8.43,1,13337
diss,timeline,1,13.34,2,15.38,8.57,1,13336
diss,timeline,1,13.34,3,20.68,10.94,1,13336
diss,timeline,1,13.34,4,21.80,10.44,1,13336
diss,timeline,1,13.34,5,23.06,12.31,2,13336
diss,timeline,1,13.34,6,17.77,9.40,1,13336
diss,timeline,1,13.34,7,17.19,8.86,1,13336
diss,timeline,1,13.34,8,11.56,4.72,1,13336
diss,timeline,1,13.34,9,17.17,10.44,1,13336
diss,timeline,1,13.34,10,22.69,8.35,1,13336
diss,timeline,1,13.34,11,23.40,11.24,1,13336
diss,timeline,1,13.34,12,20.62,6.73,1,13336
diss,timeline,1,13.34,13,22.48,10.15,1,13336
diss,timeline,1,13.34,14,25.22,10.32,1,13336
diss,timeline,1,13.34,15,20.91,10.22,1,13336
diss,timeline,1,13.34,16,26.62,12.89,1,13336
diss,timeline,1,13.34,17,25.59,14.79,1,13336
diss,timeline,1,13.34,18,27.55,14.01,1,13336
diss,timeline,1,13.34,19,24.67,13.73,1,13336
diss,timeline,1,17.78,0,25.41,12.09,1,17784
diss,timeline,1,17.78,1,23.30,9.61,1,17784
diss,timeline,1,17.78,2,28.28,16.96,1,17784
diss,timeline,1,17.78,3,20.53,8.50,1,17783
diss,timeline,1,17.78,4,24.86,8.69,1,17784
diss,timeline,1,17.78,5,25.87,11.04,1,17784
diss,timeline,1,17.78,6,26.33,8.72,1,17784
diss,timeline,1,17.78,7,29.76,12.03,1,17783
diss,timeline,1,17.78,8,36.45,17.15,1,17784
diss,timeline,1,17.78,9,24.72,12.21,1,17783
diss,timeline,1,17.78,10,27.60,8.92,1,17784
diss,timeline,1,17.78,11,29.43,13.05,1,17784
diss,timeline,1,17.78,12,34.34,19.24,1,17784
diss,timeline,1,17.78,13,32.23,16.25,1,17783
diss,timeline,1,17.78,14,34.33,19.20,1,17783
diss,timeline,1,17.78,15,33.02,22.04,1,17784
diss,timeline,1,17.78,16,28.13,12.19,1,17784
diss,timeline,1,17.78,17,30.23,12.75,1,17784
diss,timeline,1,17.78,18,26.82,11.91,1,17783
diss,timeline,1,17.78,19,31.29,12.35,1,17783
diss,timeline,1,23.71,0,34.43,10.76,1,23715
diss,timeline,1,23.71,1,42.04,13.89,1,23715
diss,timeline,1,23.71,2,39.54,14.32,1,23715
diss,timeline,1,23.71,3,36.86,13.73,1,23714
diss,timeline,1,23.71,4,41.84,12.19,1,23715
diss,timeline,1,23.71,5,28.36,12.04,1,23715
diss,timeline,1,23.71,6,28.55,10.04,1,23715
diss,timeline,1,23.71,7,31.51,11.01,1,23715
diss,timeline,1,23.71,8,35.03,11.39,1,23715
diss,timeline,1,23.71,9,44.07,22.14,1,23714
diss,timeline,1,23.71,10,41.58,17.42,1,23715
diss,timeline,1,23.71,11,33.57,10.77,1,23714
diss,timeline,1,23.71,12,33.30,14.10,1,23714
diss,timeline,1,23.71,13,33.01,13.48,1,23715
diss,timeline,1,23.71,14,28.46,9.96,1,23715
diss,timeline,1,23.71,15,27.69,9.77,1,23715
diss,timeline,1,23.71,16,28.37,14.33,1,23715
diss,timeline,1,23.71,17,33.48,13.47,1,23715
diss,timeline,1,23.71,18,35.11,10.93,1,23715
diss,timeline,1,23.71,19,37.85,16.05,1,23714
diss,timeline,1,31.62,0,9.88,6.85,1,1055
diss,timeline,1,31.62,1,11.89,9.18,1,1055
diss,timeline,1,31.62,2,7.89,5.22,1,1055
diss,timeline,1,31.62,3,6.25,3.96,1,1055
diss,timeline,1,31.62,4,10.54,7.96,1,1055
diss,timeline,1,31.62,5,8.83,6.56,1,1055
diss,timeline,1,31.62,6,7.40,4.72,1,1055
diss,timeline,1,31.62,7,7.56,5.04,1,1055
diss,timeline,1,31.62,8,7.04,4.88,1,1055
diss,timeline,1,31.62,9,8.68,6.90,1,1055
diss,timeline,1,31.62,10,7.71,5.45,1,1055
diss,timeline,1,31.62,11,5.73,3.25,1,1055
diss,timeline,1,31.62,12,7.34,4.53,1,1056
diss,timeline,1,31.62,13,7.53,5.22,1,1055
diss,timeline,1,31.62,14,5.20,3.09,1,1055
diss,timeline,1,31.62,15,6.78,4.55,1,1055
diss,timeline,1,31.62,16,15.39,12.32,1,1055
diss,timeline,1,31.62,17,12.00,10.07,1,1055
diss,timeline,1,31.62,18,9.74,7.81,1,1055
diss,timeline,1,31.62,19,6.67,4.31,1,1055
diss,timeline,1,42.17,0,10.43,7.52,1,1407
diss,timeline,1,42.17,1,10.83,7.69,1,1406
diss,timeline,1,42.17,2,7.23,4.19,1,1407
diss,timeline,1,42.17,3,13.08,10.06,1,1407
diss,timeline,1,42.17,4,6.38,3.47,1,1407
diss,timeline,1,42.17,5,10.29,7.19,1,1407
diss,timeline,1,42.17,6,9.34,6.74,1,1407
diss,timeline,1,42.17,7,3.69,0.63,0,1407
diss,timeline,1,42.17,8,7.58,4.48,1,1407
diss,timeline,1,42.17,9,8.33,5.34,1,1406
diss,timeline,1,42.17,10,7.31,4.09,1,1407
diss,timeline,1,42.17,11,8.68,5.65,1,1407
diss,timeline,1,42.17,12,5.74,3.25,1,1406
diss,timeline,1,42.17,13,5.51,3.42,1,1407
diss,timeline,1,42.17,14,6.31,3.78,1,1407
diss,timeline,1,42.17,15,6.84,4.48,1,1407
diss,timeline,1,42.17,16,6.85,4.19,1,1407
diss,timeline,1,42.17,17,5.70,3.19,1,1407
diss,timeline,1,42.17,18,8.85,4.02,1,1407
diss,timeline,1,42.17,19,6.67,3.83,1,1407
diss,timeline,1,56.23,0,7.05,3.80,1,1876
diss,timeline,1,56.23,1,7.88,5.13,1,1876
diss,timeline,1,56.23,2,6.42,3.88,1,1875
diss,timeline,1,56.23,3,8.11,5.02,1,1875
diss,timeline,1,56.23,4,5.97,3.11,1,1875
diss,timeline,1,56.23,5,6.58,3.76,1,1875
diss,timeline,1,56.23,6,8.54,5.46,1,1876
diss,timeline,1,56.23,7,11.63,8.46,1,1875
diss,timeline,1,56.23,8,11.83,8.40,1,1875
diss,timeline,1,56.23,9,7.39,4.14,1,1876
diss,timeline,1,56.23,10,9.10,5.75,1,1875
diss,timeline,1,56.23,11,6.01,3.46,1,1875
diss,timeline,1,56.23,12,7.23,3.68,1,1875
diss,timeline,1,56.23,13,6.42,3.75,1,1875
diss,timeline,1,56.23,14,8.99,6.03,1,1876
diss,timeline,1,56.23,15,8.54,5.40,1,1875
diss,timeline,1,56.23,16,8.20,4.44,1,1876
diss,timeline,1,56.23,17,3.99,0.77,0,1875
diss,timeline,1,56.23,18,7.99,4.37,1,1875
diss,timeline,1,56.23,19,7.19,4.18,1,1876
diss,timeline,1,74.99,0,10.51,6.47,1,2501
diss,timeline,1,74.99,1,9.26,4.74,1,2500
diss,timeline,1,74.99,2,9.49,5.16,1,2501
diss,timeline,1,74.99,3,8.80,4.55,1,2501
diss,timeline,1,74.99,4,9.41,5.04,1,2501
diss,timeline,1,74.99,5,10.54,6.68,1,2500
diss,timeline,1,74.99,6,8.18,4.21,1,2501
diss,timeline,1,74.99,7,11.54,7.46,1,2501
diss,timeline,1,74.99,8,10.63,7.21,1,2501
diss,timeline,1,74.99,9,12.77,9.20,1,2501
diss,timeline,1,74.99,10,5.95,3.42,1,2501
diss,timeline,1,74.99,11,9.07,6.00,1,2501
diss,timeline,1,74.99,12,7.27,4.20,1,2501
diss,timeline,1,74.99,13,9.08,6.09,1,2501
diss,timeline,1,74.99,14,5.52,3.19,1,2500
diss,timeline,1,74.99,15,6.61,3.67,1,2501
diss,timeline,1,74.99,16,8.26,4.83,1,2501
diss,timeline,1,74.99,17,7.01,3.90,1,2501
diss,timeline,1,74.99,18,7.42,4.34,1,2501
diss,timeline,1,74.99,19,7.09,3.72,1,2501
diss,timeline,1,100,0,7.15,3.81,1,3334
diss,timeline,1,100,1,9.31,5.46,1,3334
diss,timeline,1,100,2,8.55,4.09,1,3335
diss,timeline,1,100,3,8.80,4.86,1,3335
diss,timeline,1,100,4,10.30,6.11,1,3334
diss,timeline,1,100,5,9.71,4.91,1,3334
diss,timeline,1,100,6,9.13,4.88,1,3334
diss,timeline,1,100,7,9.20,4.61,1,3335
diss,timeline,1,100,8,10.05,5.11,1,3334
diss,timeline,1,100,9,8.74,4.52,1,3335
diss,timeline,1,100,10,11.12,6.58,1,3335
diss,timeline,1,100,11,9.36,4.91,1,3334
diss,timeline,1,100,12,10.53,6.40,1,3334
diss,timeline,1,100,13,11.39,7.12,1,3335
diss,timeline,1,100,14,10.69,6.18,1,3335
diss,timeline,1,100,15,8.59,4.70,1,3335
diss,timeline,1,100,16,9.48,4.97,1,3335
diss,timeline,1,100,17,8.53,4.25,1,3334
diss,timeline,1,100,18,11.77,7.81,1,3335
diss,timeline,1,100,19,9.92,5.41,1,3335
diss,timeline,1,133.4,0,7.33,1.62,0,4446
diss,timeline,1,133.4,1,10.03,5.21,1,4446
diss,timeline,1,133.4,2,11.03,6.08,1,4446
diss,timeline,1,133.4,3,10.87,6.03,1,4446
diss,timeline,1,133.4,4,10.89,5.51,1,4446
diss,timeline,1,133.4,5,10.22,6.21,1,4446
diss,timeline,1,133.4,6,9.31,3.87,1,4446
diss,timeline,1,133.4,7,10.65,6.25,1,4446
diss,timeline,1,133.4,8,11.46,5.43,1,4446
diss,timeline,1,133.4,9,10.16,5.50,1,4446
diss,timeline,1,133.4,10,11.66,5.94,1,4446
diss,timeline,1,133.4,11,9.45,4.97,1,4446
diss,timeline,1,133.4,12,12.08,7.68,1,4446
diss,timeline,1,133.4,13,11.19,6.64,1,4447
diss,timeline,1,133.4,14,11.16,5.72,1,4446
diss,timeline,1,133.4,15,10.41,5.29,1,4446
diss,timeline,1,133.4,16,7.83,4.66,1,4446
diss,timeline,1,133.4,17,9.65,5.89,1,4446
diss,timeline,1,133.4,18,13.79,6.91,1,4446
diss,timeline,1,133.4,19,9.25,4.85,1,4446
diss,timeline,1,177.8,0,15.33,9.51,1,5928
diss,timeline,1,177.8,1,13.10,8.23,1,5928
diss,timeline,1,177.8,2,13.69,7.35,1,5929
diss,timeline,1,177.8,3,11.40,5.96,1,5929
diss,timeline,1,177.8,4,12.24,5.82,1,5928
diss,timeline,1,177.8,5,11.88,6.19,1,5929
diss,timeline,1,177.8,6,12.90,5.91,1,5929
diss,timeline,1,177.8,7,12.60,5.66,1,5928
diss,timeline,1,177.8,8,11.39,5.46,1,5928
diss,timeline,1,177.8,9,13.03,6.34,1,5929
diss,timeline,1,177.8,10,7.67,4.28,2,5928
diss,timeline,1,177.8,11,11.26,5.09,1,5928
diss,timeline,1,177.8,12,6.54,3.42,1,5929
diss,timeline,1,177.8,13,11.04,5.81,1,5928
diss,timeline,1,177.8,14,13.42,7.58,1,5928
diss,timeline,1,177.8,15,10.86,4.80,1,5929
diss,timeline,1,177.8,16,8.46,5.25,1,5928
diss,timeline,1,177.8,17,9.80,4.14,1,5928
diss,timeline,1,177.8,18,12.80,6.31,1,5929
diss,timeline,1,177.8,19,12.00,5.43,1,5929
diss,timeline,1,237.1,0,14.96,6.42,1,7906
diss,timeline,1,237.1,1,15.98,7.09,1,7905
diss,timeline,1,237.1,2,15.81,7.13,1,7906
diss,timeline,1,237.1,3,15.30,6.63,1,7906
diss,timeline,1,237.1,4,14.66,6.51,1,7905
diss,timeline,1,237.1,5,15.25,6.70,1,7906
diss,timeline,1,237.1,6,18.47,9.19,1,7906
diss,timeline,1,237.1,7,16.13,7.64,1,7906
diss,timeline,1,237.1,8,16.49,7.66,2,7905
diss,timeline,1,237.1,9,15.27,6.85,1,7906
diss,timeline,1,237.1,10,16.18,7.44,1,7905
diss,timeline,1,237.1,11,11.21,2.80,0,7906
diss,timeline,1,237.1,12,14.01,5.97,1,7906
diss,timeline,1,237.1,13,14.50,6.45,1,7906
diss,timeline,1,237.1,14,14.46,6.12,1,7906
diss,timeline,1,237.1,15,15.52,7.82,1,7906
diss,timeline,1,237.1,16,14.42,6.40,1,7905
diss,timeline,1,237.1,17,14.79,6.60,1,7906
diss,timeline,1,237.1,18,16.87,9.37,1,7905
diss,timeline,1,237.1,19,15.51,10.07,1,7905
diss,timeline,1,316.2,0,6.50,4.73,1,1055
diss,timeline,1,316.2,1,6.33,3.78,1,1055
diss,timeline,1,316.2,2,5.99,3.29,1,1055
diss,timeline,1,316.2,3,2.94,0.51,0,1055
diss,timeline,1,316.2,4,7.00,5.18,1,1055
diss,timeline,1,316.2,5,5.43,3.07,1,1055
diss,timeline,1,316.2,6,5.81,3.54,1,1055
diss,timeline,1,316.2,7,5.16,3.06,1,1055
diss,timeline,1,316.2,8,4.49,2.66,1,1055
diss,timeline,1,316.2,9,5.06,2.90,1,1055
diss,timeline,1,316.2,10,4.86,2.82,1,1055
diss,timeline,1,316.2,11,5.49,3.12,1,1055
diss,timeline,1,316.2,12,5.02,3.14,1,1055
diss,timeline,1,316.2,13,5.81,3.48,1,1055
diss,timeline,1,316.2,14,8.48,5.45,1,1055
diss,timeline,1,316.2,15,6.98,4.05,1,1055
diss,timeline,1,316.2,16,6.63,3.68,1,1055
diss,timeline,1,316.2,17,7.19,4.21,1,1055
diss,timeline,1,316.2,18,6.31,3.52,1,1055
diss,timeline,1,316.2,19,6.48,3.91,1,1056
diss,timeline,1,421.7,0,7.06,3.94,1,1406
diss,timeline,1,421.7,1,7.26,4.22,1,1407
diss,timeline,1,421.7,2,6.92,3.91,1,1406
diss,timeline,1,421.7,3,8.21,5.26,1,1407
diss,timeline,1,421.7,4,6.70,3.84,1,1407
diss,timeline,1,421.7,5,6.85,3.88,1,1406
diss,timeline,1,421.7,6,6.90,3.90,1,1406
diss,timeline,1,421.7,7,6.83,3.80,1,1407
diss,timeline,1,421.7,8,6.98,3.91,1,1406
diss,timeline,1,421.7,9,6.73,3.77,1,1407
diss,timeline,1,421.7,10,3.35,0.58,0,1407
diss,timeline,1,421.7,11,7.41,4.32,1,1406
diss,timeline,1,421.7,12,7.09,4.12,1,1407
diss,timeline,1,421.7,13,8.12,5.11,2,1407
diss,timeline,1,421.7,14,6.03,3.19,0,1407
diss,timeline,1,421.7,15,3.51,0.66,0,1407
diss,timeline,1,421.7,16,3.51,0.58,0,1407
diss,timeline,1,421.7,17,6.87,3.85,1,1407
diss,timeline,1,421.7,18,6.76,3.79,1,1407
diss,timeline,1,421.7,19,7.00,3.94,1,1406
diss,timeline,1,562.3,0,4.16,0.76,0,1876
diss,timeline,1,562.3,1,7.24,4.03,1,1876
diss,timeline,1,562.3,2,4.10,0.70,0,1875
diss,timeline,1,562.3,3,7.34,3.96,1,1875
diss,timeline,1,562.3,4,7.15,4.04,1,1875
diss,timeline,1,562.3,5,6.87,0.76,0,1875
diss,timeline,1,562.3,6,7.82,4.22,1,1876
diss,timeline,1,562.3,7,8.70,5.56,1,1875
diss,timeline,1,562.3,8,7.95,4.76,1,1875
diss,timeline,1,562.3,9,7.44,4.08,1,1875
diss,timeline,1,562.3,10,7.73,4.38,1,1875
diss,timeline,1,562.3,11,11.53,7.65,1,1875
diss,timeline,1,562.3,12,9.63,6.64,1,1876
diss,timeline,1,562.3,13,8.74,6.28,1,1875
diss,timeline,1,562.3,14,6.57,4.33,1,1876
diss,timeline,1,562.3,15,3.65,0.73,0,1876
diss,timeline,1,562.3,16,3.11,0.70,0,1876
diss,timeline,1,562.3,17,11.41,8.73,1,1875
diss,timeline,1,562.3,18,3.86,0.77,0,1875
diss,timeline,1,562.3,19,3.03,0.78,0,1876
diss,timeline,1,749.9,0,3.56,0.99,0,2501
diss,timeline,1,749.9,1,6.83,4.08,1,2501
diss,timeline,1,749.9,2,5.47,1.06,0,2501
diss,timeline,1,749.9,3,15.66,6.52,1,2500
diss,timeline,1,749.9,4,5.64,3.19,1,2501
diss,timeline,1,749.9,5,6.27,3.03,1,2501
diss,timeline,1,749.9,6,2.99,0.44,0,2500
diss,timeline,1,749.9,7,5.95,3.07,1,2500
diss,timeline,1,749.9,8,8.58,4.95,1,2501
diss,timeline,1,749.9,9,7.29,3.79,1,2500
diss,timeline,1,749.9,10,4.83,0.79,0,2501
diss,timeline,1,749.9,11,6.58,3.73,1,2501
diss,timeline,1,749.9,12,3.85,0.80,0,2500
diss,timeline,1,749.9,13,6.77,4.12,1,2501
diss,timeline,1,749.9,14,3.51,0.49,0,2501
diss,timeline,1,749.9,15,3.81,0.93,0,2501
diss,timeline,1,749.9,16,4.07,0.89,0,2501
diss,timeline,1,749.9,17,4.19,0.86,0,2501
diss,timeline,1,749.9,18,6.79,3.61,1,2501
diss,timeline,1,749.9,19,9.14,4.75,1,2500
diss,timeline,1,1000,0,9.78,5.22,1,3334
diss,timeline,1,1000,1,6.46,1.35,0,3335
diss,timeline,1,1000,2,6.07,1.20,0,3334
diss,timeline,1,1000,3,6.62,1.31,0,3334
diss,timeline,1,1000,4,9.04,4.49,1,3335
diss,timeline,1,1000,5,6.92,1.21,0,3335
diss,timeline,1,1000,6,10.60,6.15,1,3335
diss,timeline,1,1000,7,10.06,4.65,1,3334
diss,timeline,1,1000,8,6.55,1.47,0,3334
diss,timeline,1,1000,9,8.76,4.64,1,3334
diss,timeline,1,1000,10,6.72,1.38,0,3335
diss,timeline,1,1000,11,9.21,4.50,1,3335
diss,timeline,1,1000,12,6.47,1.26,0,3334
diss,timeline,1,1000,13,9.51,4.93,1,3334
diss,timeline,1,1000,14,9.94,4.76,1,3334
diss,timeline,1,1000,15,7.75,3.68,0,3334
diss,timeline,1,1000,16,3.93,0.99,0,3335
diss,timeline,1,1000,17,3.29,0.96,0,3335
diss,timeline,1,1000,18,5.75,1.13,0,3334
diss,timeline,1,1000,19,4.42,1.17,0,3334
diss,timeline,1,1334,0,9.11,3.94,1,4446
diss,timeline,1,1334,1,8.64,4.19,1,4446
diss,timeline,1,1334,2,5.32,1.56,0,4446
diss,timeline,1,1334,3,7.14,2.95,1,4446
diss,timeline,1,1334,4,7.87,3.64,1,4446
diss,timeline,1,1334,5,5.45,1.76,0,4446
diss,timeline,1,1334,6,7.83,1.88,0,4447
diss,timeline,1,1334,7,6.52,1.61,0,4446
diss,timeline,1,1334,8,7.40,1.63,0,4446
diss,timeline,1,1334,9,12.04,5.46,0,4446
diss,timeline,1,1334,10,7.78,2.88,0,4446
diss,timeline,1,1334,11,7.56,3.30,0,4446
diss,timeline,1,1334,12,5.49,1.43,0,4446
diss,timeline,1,1334,13,8.77,3.93,1,4446
diss,timeline,1,1334,14,7.10,3.40,1,4447
diss,timeline,1,1334,15,8.14,3.96,1,4446
diss,timeline,1,1334,16,5.94,0.88,0,4446
diss,timeline,1,1334,17,5.52,1.48,0,4446
diss,timeline,1,1334,18,5.62,1.95,0,4446
diss,timeline,1,1334,19,6.00,2.99,0,4446
diss,timeline,1,1778,0,4.99,1.06,0,5929
diss,timeline,1,1778,1,4.29,1.06,0,5929
diss,timeline,1,1778,2,6.46,1.21,0,5929
diss,timeline,1,1778,3,4.44,1.08,0,5928
diss,timeline,1,1778,4,5.50,1.11,0,5929
diss,timeline,1,1778,5,6.75,1.07,0,5929
diss,timeline,1,1778,6,6.58,1.14,0,5928
diss,timeline,1,1778,7,9.20,3.61,1,5929
diss,timeline,1,1778,8,6.43,1.01,0,5929
diss,timeline,1,1778,9,6.35,0.99,0,5929
diss,timeline,1,1778,10,10.09,4.70,1,5928
diss,timeline,1,1778,11,7.73,1.62,0,5929
diss,timeline,1,1778,12,9.45,3.10,0,5928
diss,timeline,1,1778,13,11.38,5.10,1,5929
diss,timeline,1,1778,14,7.99,1.20,0,5929
diss,timeline,1,1778,15,10.41,4.26,1,5929
diss,timeline,1,1778,16,15.64,9.84,0,5929
diss,timeline,1,1778,17,7.36,2.13,0,5929
diss,timeline,1,1778,18,8.73,2.22,0,5928
diss,timeline,1,1778,19,9.64,2.32,0,5928
diss,timeline,1,2371,0,11.33,2.99,0,7906
diss,timeline,1,2371,1,11.29,2.43,0,7906
diss,timeline,1,2371,2,11.97,2.90,0,7906
diss,timeline,1,2371,3,8.79,1.45,0,7905
diss,timeline,1,2371,4,7.83,1.80,0,7905
diss,timeline,1,2371,5,7.94,1.88,0,7906
diss,timeline,1,2371,6,10.36,1.76,0,7905
diss,timeline,1,2371,7,11.99,2.76,0,7905
diss,timeline,1,2371,8,11.82,2.86,0,7906
diss,timeline,1,2371,9,11.24,2.70,0,7906
diss,timeline,1,2371,10,11.14,2.71,0,7905
diss,timeline,1,2371,11,12.04,3.02,0,7905
diss,timeline,1,2371,12,12.43,2.97,0,7906
diss,timeline,1,2371,13,11.44,2.69,0,7906
diss,timeline,1,2371,14,14.39,5.90,1,7906
diss,timeline,1,2371,15,12.09,3.03,0,7905
diss,timeline,1,2371,16,11.20,2.73,0,7905
diss,timeline,1,2371,17,11.74,2.71,0,7906
diss,timeline,1,2371,18,12.14,2.78,0,7905
diss,timeline,1,2371,19,10.14,4.24,0,7905
diss,timeline,1,3162,0,7.81,5.55,1,1055
diss,timeline,1,3162,1,6.42,4.18,0,1055
diss,timeline,1,3162,2,6.84,4.66,1,1055
diss,timeline,1,3162,3,6.60,3.95,1,1055
diss,timeline,1,3162,4,2.77,0.29,0,1055
diss,timeline,1,3162,5,2.91,0.41,0,1055
diss,timeline,1,3162,6,1.94,0.28,0,1055
diss,timeline,1,3162,7,6.87,4.35,1,1056
diss,timeline,1,3162,8,5.67,3.32,1,1055
diss,timeline,1,3162,9,5.73,3.26,1,1055
diss,timeline,1,3162,10,2.28,0.42,0,1055
diss,timeline,1,3162,11,2.20,0.38,0,1055
diss,timeline,1,3162,12,5.43,3.25,1,1055
diss,timeline,1,3162,13,2.69,0.51,0,1056
diss,timeline,1,3162,14,3.21,0.48,0,1055
diss,timeline,1,3162,15,4.99,2.79,1,1055
diss,timeline,1,3162,16,2.57,0.37,0,1055
diss,timeline,1,3162,17,4.57,2.53,1,1056
diss,timeline,1,3162,18,2.61,0.47,0,1055
diss,timeline,1,3162,19,2.41,0.24,0,1055
diss,timeline,1,4217,0,3.03,0.59,0,1407
diss,timeline,1,4217,1,3.21,0.73,0,1406
diss,timeline,1,4217,2,3.13,0.47,0,1406
diss,timeline,1,4217,3,3.54,0.55,0,1407
diss,timeline,1,4217,4,5.82,3.31,0,1407
diss,timeline,1,4217,5,3.88,0.60,0,1407
diss,timeline,1,4217,6,3.73,0.62,0,1406
diss,timeline,1,4217,7,3.80,0.61,0,1406
diss,timeline,1,4217,8,7.14,4.02,1,1407
diss,timeline,1,4217,9,3.63,0.59,0,1407
diss,timeline,1,4217,10,3.87,0.60,0,1407
diss,timeline,1,4217,11,3.88,0.65,0,1407
diss,timeline,1,4217,12,3.63,0.56,0,1407
diss,timeline,1,4217,13,3.82,0.60,0,1406
diss,timeline,1,4217,14,4.73,0.67,0,1407
diss,timeline,1,4217,15,3.36,0.62,0,1406
diss,timeline,1,4217,16,3.15,0.57,0,1407
diss,timeline,1,4217,17,3.55,0.65,0,1407
diss,timeline,1,4217,18,3.45,0.68,0,1407
diss,timeline,1,4217,19,3.52,0.69,0,1406
diss,timeline,1,5623,0,7.12,3.61,1,1875
diss,timeline,1,5623,1,3.29,0.53,0,1875
diss,timeline,1,5623,2,5.40,3.25,0,1875
diss,timeline,1,5623,3,3.13,0.52,0,1875
diss,timeline,1,5623,4,2.90,0.55,0,1875
diss,timeline,1,5623,5,3.22,0.58,0,1876
diss,timeline,1,5623,6,5.70,2.91,1,1876
diss,timeline,1,5623,7,3.76,1.12,0,1875
diss,timeline,1,5623,8,3.65,1.07,0,1875
diss,timeline,1,5623,9,3.33,0.52,0,1876
diss,timeline,1,5623,10,3.37,0.74,0,1876
diss,timeline,1,5623,11,2.76,0.47,0,1876
diss,timeline,1,5623,12,3.04,0.70,0,1875
diss,timeline,1,5623,13,2.27,0.41,0,1875
diss,timeline,1,5623,14,2.11,0.40,0,1875
diss,timeline,1,5623,15,2.54,0.44,0,1876
diss,timeline,1,5623,16,2.95,0.40,0,1876
diss,timeline,1,5623,17,3.75,0.65,0,1876
diss,timeline,1,5623,18,3.84,0.45,0,1875
diss,timeline,1,5623,19,3.60,0.43,0,1876
diss,timeline,6,1,0,12.64,8.66,6,6006
diss,timeline,6,1,1,12.46,9.32,5,6006
diss,timeline,6,1,2,7.95,4.48,6,6006
diss,timeline,6,1,3,10.23,8.15,6,6006
diss,timeline,6,1,4,8.80,7.08,6,6006
diss,timeline,6,1,5,14.05,11.14,6,6006
diss,timeline,6,1,6,16.76,11.93,6,6006
diss,timeline,6,1,7,14.92,12.90,6,6006
diss,timeline,6,1,8,11.60,8.60,6,6006
diss,timeline,6,1,9,12.03,7.72,6,6006
diss,timeline,6,1,10,11.31,8.16,6,6006
diss,timeline,6,1,11,10.73,7.44,6,6006
diss,timeline,6,1,12,11.40,8.11,6,6006
diss,timeline,6,1,13,12.58,9.01,6,6006
diss,timeline,6,1,14,12.73,8.76,6,6006
diss,timeline,6,1,15,11.51,8.75,6,6006
diss,timeline,6,1,16,10.40,8.08,6,6006
diss,timeline,6,1,17,12.49,10.51,6,6006
diss,timeline,6,1,18,10.91,8.27,6,6006
diss,timeline,6,1,19,12.26,9.08,6,6006
diss,timeline,6,1.334,0,15.98,11.27,6,8004
diss,timeline,6,1.334,1,14.61,10.17,6,8010
diss,timeline,6,1.334,2,10.85,6.39,6,8004
diss,timeline,6,1.334,3,11.22,6.95,6,8010
diss,timeline,6,1.334,4,17.21,12.51,6,8004
diss,timeline,6,1.334,5,9.88,4.63,6,8010
diss,timeline,6,1.334,6,11.89,8.49,6,8010
diss,timeline,6,1.334,7,18.32,14.80,6,8010
diss,timeline,6,1.334,8,13.63,11.39,6,8010
diss,timeline,6,1.334,9,10.81,8.14,6,8004
diss,timeline,6,1.334,10,9.96,7.67,6,8010
diss,timeline,6,1.334,11,10.59,7.78,6,8010
diss,timeline,6,1.334,12,11.55,8.79,6,8010
diss,timeline,6,1.334,13,10.98,8.10,6,8004
diss,timeline,6,1.334,14,11.41,8.31,6,8010
diss,timeline,6,1.334,15,8.64,4.58,6,8010
diss,timeline,6,1.334,16,10.61,7.26,6,8004
diss,timeline,6,1.334,17,13.82,11.09,6,8010
diss,timeline,6,1.334,18,8.74,6.89,6,8004
diss,timeline,6,1.334,19,11.83,7.99,6,8004
diss,timeline,6,1.778,0,11.52,7.42,6,10674
diss,timeline,6,1.778,1,14.60,9.22,6,10674
diss,timeline,6,1.778,2,16.34,12.80,6,10680
diss,timeline,6,1.778,3,14.67,8.55,6,10674
diss,timeline,6,1.778,4,11.60,8.30,6,10680
diss,timeline,6,1.778,5,9.39,4.67,6,10680
diss,timeline,6,1.778,6,11.07,7.75,6,10674
diss,timeline,6,1.778,7,12.51,8.39,6,10674
diss,timeline,6,1.778,8,14.82,10.61,6,10680
diss,timeline,6,1.778,9,12.65,10.12,6,10674
diss,timeline,6,1.778,10,12.69,9.69,6,10674
diss,timeline,6,1.778,11,14.10,8.94,6,10674
diss,timeline,6,1.778,12,8.85,5.17,6,10674
diss,timeline,6,1.778,13,13.17,8.99,6,10680
diss,timeline,6,1.778,14,8.59,4.85,6,10680
diss,timeline,6,1.778,15,15.16,11.64,6,10674
diss,timeline,6,1.778,16,13.07,8.11,6,10674
diss,timeline,6,1.778,17,10.98,5.73,6,10674
diss,timeline,6,1.778,18,11.65,5.18,6,10674
diss,timeline,6,1.778,19,15.32,12.36,6,10680
diss,timeline,6,2.371,0,13.58,8.69,6,14232
diss,timeline,6,2.371,1,10.86,5.31,6,14232
diss,timeline,6,2.371,2,12.98,5.21,6,14232
diss,timeline,6,2.371,3,10.77,5.58,6,14238
diss,timeline,6,2.371,4,13.38,9.00,6,14232
diss,timeline,6,2.371,5,14.87,8.38,6,14232
diss,timeline,6,2.371,6,13.81,8.60,6,14238
diss,timeline,6,2.371,7,18.01,14.79,6,14232
diss,timeline,6,2.371,8,15.89,8.37,6,14232
diss,timeline,6,2.371,9,11.44,5.23,6,14232
diss,timeline,6,2.371,10,12.45,8.04,6,14238
diss,timeline,6,2.371,11,12.14,2.86,0,14232
diss,timeline,6,2.371,12,11.43,5.43,6,14232
diss,timeline,6,2.371,13,14.76,11.48,6,14238
diss,timeline,6,2.371,14,9.87,5.22,6,14238
diss,timeline,6,2.371,15,11.36,5.79,6,14232
diss,timeline,6,2.371,16,11.48,5.56,6,14238
diss,timeline,6,2.371,17,15.99,10.15,6,14232
diss,timeline,6,2.371,18,13.61,8.63,6,14238
diss,timeline,6,2.371,19,12.00,5.14,6,14238
diss,timeline,6,3.162,0,14.92,6.15,6,18984
diss,timeline,6,3.162,1,15.25,6.26,6,18978
diss,timeline,6,3.162,2,14.47,5.86,6,18984
diss,timeline,6,3.162,3,16.77,9.87,6,18984
diss,timeline,6,3.162,4,13.08,6.03,6,18978
diss,timeline,6,3.162,5,14.78,8.98,6,18978
diss,timeline,6,3.162,6,16.75,11.38,6,18978
diss,timeline,6,3.162,7,19.65,14.84,6,18978
diss,timeline,6,3.162,8,19.42,15.35,6,18978
diss,timeline,6,3.162,9,14.62,7.81,6,18978
diss,timeline,6,3.162,10,11.44,5.22,6,18978
diss,timeline,6,3.162,11,14.05,5.76,6,18978
diss,timeline,6,3.162,12,13.10,5.49,6,18978
diss,timeline,6,3.162,13,13.51,6.34,6,18984
diss,timeline,6,3.162,14,12.83,6.64,6,18978
diss,timeline,6,3.162,15,13.77,6.37,6,18984
diss,timeline,6,3.162,16,13.70,8.81,6,18978
diss,timeline,6,3.162,17,14.46,6.37,6,18984
diss,timeline,6,3.162,18,15.87,10.16,6,18978
diss,timeline,6,3.162,19,15.55,9.60,6,18978
diss,timeline,6,4.217,0,15.49,9.89,6,25308
diss,timeline,6,4.217,1,19.71,11.63,6,25308
diss,timeline,6,4.217,2,15.54,10.40,6,25308
diss,timeline,6,4.217,3,16.11,10.28,6,25308
diss,timeline,6,4.217,4,15.81,9.05,6,25308
diss,timeline,6,4.217,5,16.88,6.07,6,25302
diss,timeline,6,4.217,6,16.98,8.87,6,25308
diss,timeline,6,4.217,7,17.71,10.25,6,25302
diss,timeline,6,4.217,8,15.68,6.66,6,25308
diss,timeline,6,4.217,9,13.76,6.58,6,25308
diss,timeline,6,4.217,10,14.38,6.92,6,25308
diss,timeline,6,4.217,11,17.86,9.52,6,25308
diss,timeline,6,4.217,12,16.43,9.72,6,25308
diss,timeline,6,4.217,13,14.68,8.92,6,25308
diss,timeline,6,4.217,14,19.86,14.51,6,25308
diss,timeline,6,4.217,15,14.45,6.51,6,25308
diss,timeline,6,4.217,16,18.23,9.71,6,25308
diss,timeline,6,4.217,17,14.93,6.70,6,25308
diss,timeline,6,4.217,18,15.99,6.35,6,25308
diss,timeline,6,4.217,19,16.82,10.66,6,25308
diss,timeline,6,5.623,0,15.39,7.02,6,33744
diss,timeline,6,5.623,1,17.71,6.92,6,33750
diss,timeline,6,5.623,2,17.15,8.33,6,33744
diss,timeline,6,5.623,3,16.14,8.68,6,33744
diss,timeline,6,5.623,4,22.27,12.14,6,33744
diss,timeline,6,5.623,5,19.48,11.50,6,33750
diss,timeline,6,5.623,6,18.49,7.36,6,33750
diss,timeline,6,5.623,7,19.90,10.54,6,33744
diss,timeline,6,5.623,8,19.28,10.17,6,33750
diss,timeline,6,5.623,9,17.59,9.53,6,33750
diss,timeline,6,5.623,10,19.91,8.12,6,33750
diss,timeline,6,5.623,11,16.55,5.85,6,33744
diss,timeline,6,5.623,12,15.19,7.96,6,33744
diss,timeline,6,5.623,13,17.32,12.57,6,33744
diss,timeline,6,5.623,14,15.52,7.25,6,33744
diss,timeline,6,5.623,15,17.86,6.50,6,33750
diss,timeline,6,5.623,16,17.76,10.62,6,33744
diss,timeline,6,5.623,17,17.19,8.05,6,33744
diss,timeline,6,5.623,18,18.90,10.73,6,33744
diss,timeline,6,5.623,19,10.92,2.75,0,33744
diss,timeline,6,7.499,0,20.35,11.09,6,45000
diss,timeline,6,7.499,1,18.14,8.55,6,45000
diss,timeline,6,7.499,2,25.81,18.40,6,45000
diss,timeline,6,7.499,3,22.10,8.12,6,45000
diss,timeline,6,7.499,4,20.60,7.88,6,45000
diss,timeline,6,7.499,5,28.68,11.96,6,45000
diss,timeline,6,7.499,6,24.04,12.62,6,45000
diss,timeline,6,7.499,7,21.16,7.86,6,45000
diss,timeline,6,7.499,8,20.32,6.57,6,45000
diss,timeline,6,7.499,9,22.03,10.95,6,45000
diss,timeline,6,7.499,10,28.69,18.49,6,45000
diss,timeline,6,7.499,11,18.07,7.46,6,45000
diss,timeline,6,7.499,12,22.32,10.03,6,45000
diss,timeline,6,7.499,13,19.02,7.34,6,45000
diss,timeline,6,7.499,14,23.45,11.81,6,45000
diss,timeline,6,7.499,15,22.86,11.95,6,45000
diss,timeline,6,7.499,16,25.37,15.99,6,45000
diss,timeline,6,7.499,17,31.74,18.96,6,45000
diss,timeline,6,7.499,18,35.28,24.26,6,45000
diss,timeline,6,7.499,19,22.13,8.59,6,45000
diss,timeline,6,10,0,24.51,9.90,6,60006
diss,timeline,6,10,1,24.92,10.63,6,60006
diss,timeline,6,10,2,25.15,13.97,6,60006
diss,timeline,6,10,3,53.91,39.55,6,60006
diss,timeline,6,10,4,25.13,11.07,6,60006
diss,timeline,6,10,5,21.77,8.55,6,60006
diss,timeline,6,10,6,22.13,10.88,6,60006
diss,timeline,6,10,7,27.43,8.47,6,60006
diss,timeline,6,10,8,23.70,9.10,6,60006
diss,timeline,6,10,9,29.19,16.40,6,60006
diss,timeline,6,10,10,20.85,9.98,6,60006
diss,timeline,6,10,11,21.88,10.07,6,60006
diss,timeline,6,10,12,24.01,9.23,6,60006
diss,timeline,6,10,13,23.24,11.14,6,60006
diss,timeline,6,10,14,28.03,11.84,6,60006
diss,timeline,6,10,15,27.31,11.40,6,60006
diss,timeline,6,10,16,26.97,9.13,6,60006
diss,timeline,6,10,17,25.85,8.50,6,60006
diss,timeline,6,10,18,22.32,9.09,6,60006
diss,timeline,6,10,19,23.22,11.03,6,60006
diss,timeline,6,13.34,0,32.85,13.41,6,80016
diss,timeline,6,13.34,1,36.72,20.76,6,80016
diss,timeline,6,13.34,2,25.23,13.81,6,80016
diss,timeline,6,13.34,3,33.50,13.29,6,80016
diss,timeline,6,13.34,4,34.91,13.16,6,80022
diss,timeline,6,13.34,5,29.21,12.32,6,80016
diss,timeline,6,13.34,6,28.70,12.76,6,80016
diss,timeline,6,13.34,7,27.59,10.08,6,80016
diss,timeline,6,13.34,8,25.09,11.98,6,80016
diss,timeline,6,13.34,9,29.81,12.35,6,80022
diss,timeline,6,13.34,10,33.46,12.19,6,80022
diss,timeline,6,13.34,11,27.20,10.45,6,80016
diss,timeline,6,13.34,12,30.35,10.65,6,80016
diss,timeline,6,13.34,13,37.97,13.87,6,80016
diss,timeline,6,13.34,14,28.62,9.62,6,80016
diss,timeline,6,13.34,15,31.64,10.73,6,80016
diss,timeline,6,13.34,16,25.77,12.48,6,80016
diss,timeline,6,13.34,17,24.45,13.60,6,80016
diss,timeline,6,13.34,18,46.07,27.46,6,80016
diss,timeline,6,13.34,19,28.10,13.90,6,80016
diss,timeline,6,17.78,0,37.01,13.41,6,106704
diss,timeline,6,17.78,1,39.04,15.79,6,106698
diss,timeline,6,17.78,2,44.04,13.90,6,106704
diss,timeline,6,17.78,3,39.54,17.52,6,106704
diss,timeline,6,17.78,4,46.86,21.91,7,106704
diss,timeline,6,17.78,5,38.52,17.84,7,106704
diss,timeline,6,17.78,6,40.07,13.40,6,106704
diss,timeline,6,17.78,7,47.25,24.34,6,106704
diss,timeline,6,17.78,8,38.25,15.39,6,106704
diss,timeline,6,17.78,9,39.09,13.91,6,106704
diss,timeline,6,17.78,10,45.01,17.59,6,106704
diss,timeline,6,17.78,11,34.05,15.90,6,106704
diss,timeline,6,17.78,12,36.48,17.94,6,106704
diss,timeline,6,17.78,13,40.41,21.87,6,106704
diss,timeline,6,17.78,14,38.29,13.20,6,106704
diss,timeline,6,17.78,15,36.80,14.11,6,106704
diss,timeline,6,17.78,16,48.15,19.02,6,106704
diss,timeline,6,17.78,17,39.37,15.56,6,106698
diss,timeline,6,17.78,18,37.56,13.64,6,106704
diss,timeline,6,17.78,19,44.00,16.47,6,106704
diss,timeline,6,23.71,0,52.85,16.84,6,142284
diss,timeline,6,23.71,1,53.36,16.87,6,142284
diss,timeline,6,23.71,2,61.16,29.49,6,142284
diss,timeline,6,23.71,3,43.10,16.29,6,142290
diss,timeline,6,23.71,4,55.47,21.29,6,142290
diss,timeline,6,23.71,5,55.32,23.44,7,142290
diss,timeline,6,23.71,6,59.50,24.70,6,142290
diss,timeline,6,23.71,7,54.39,17.90,6,142290
diss,timeline,6,23.71,8,46.26,18.67,6,142290
diss,timeline,6,23.71,9,48.27,19.60,6,142284
diss,timeline,6,23.71,10,51.85,18.46,6,142290
diss,timeline,6,23.71,11,53.85,20.91,6,142290
diss,timeline,6,23.71,12,45.94,24.10,6,142290
diss,timeline,6,23.71,13,43.40,15.93,7,142290
diss,timeline,6,23.71,14,56.09,20.84,6,142290
diss,timeline,6,23.71,15,65.19,33.14,6,142290
diss,timeline,6,23.71,16,46.61,20.87,6,142284
diss,timeline,6,23.71,17,43.79,15.80,7,142290
diss,timeline,6,23.71,18,55.80,23.77,7,142290
diss,timeline,6,23.71,19,53.25,19.66,6,142290
diss,timeline,6,31.62,0,10.50,5.62,6,6336
diss,timeline,6,31.62,1,8.97,6.09,6,6330
diss,timeline,6,31.62,2,10.00,5.74,6,6330
diss,timeline,6,31.62,3,9.09,5.07,6,6330
diss,timeline,6,31.62,4,13.90,10.48,6,6330
diss,timeline,6,31.62,5,13.94,12.01,6,6330
diss,timeline,6,31.62,6,13.46,9.00,6,6336
diss,timeline,6,31.62,7,8.62,4.63,6,6330
diss,timeline,6,31.62,8,9.20,6.24,6,6330
diss,timeline,6,31.62,9,11.35,7.08,6,6330
diss,timeline,6,31.62,10,8.90,6.37,6,6330
diss,timeline,6,31.62,11,8.13,5.02,6,6330
diss,timeline,6,31.62,12,10.99,7.95,6,6330
diss,timeline,6,31.62,13,8.47,4.82,6,6330
diss,timeline,6,31.62,14,9.67,4.90,6,6336
diss,timeline,6,31.62,15,10.77,6.43,6,6330
diss,timeline,6,31.62,16,9.07,4.63,6,6330
diss,timeline,6,31.62,17,5.17,1.62,0,6330
diss,timeline,6,31.62,18,9.97,5.66,6,6330
diss,timeline,6,31.62,19,5.10,0.66,0,6330
diss,timeline,6,42.17,0,9.00,5.58,6,8442
diss,timeline,6,42.17,1,10.08,5.47,6,8442
diss,timeline,6,42.17,2,13.19,8.80,6,8442
diss,timeline,6,42.17,3,5.62,0.71,0,8436
diss,timeline,6,42.17,4,8.94,6.30,6,8442
diss,timeline,6,42.17,5,9.71,5.85,6,8442
diss,timeline,6,42.17,6,9.98,5.50,6,8442
diss,timeline,6,42.17,7,11.58,7.36,6,8442
diss,timeline,6,42.17,8,5.57,0.62,0,8436
diss,timeline,6,42.17,9,10.35,6.12,6,8436
diss,timeline,6,42.17,10,11.41,5.50,6,8436
diss,timeline,6,42.17,11,11.10,5.24,6,8442
diss,timeline,6,42.17,12,14.10,9.48,6,8442
diss,timeline,6,42.17,13,10.80,5.91,6,8442
diss,timeline,6,42.17,14,11.09,5.81,6,8436
diss,timeline,6,42.17,15,13.98,9.01,6,8442
diss,timeline,6,42.17,16,20.86,16.78,6,8442
diss,timeline,6,42.17,17,8.48,4.81,6,8442
diss,timeline,6,42.17,18,8.14,4.66,6,8442
diss,timeline,6,42.17,19,8.12,4.59,6,8442
diss,timeline,6,56.23,0,9.62,6.10,6,11250
diss,timeline,6,56.23,1,6.06,1.06,0,11256
diss,timeline,6,56.23,2,9.39,4.84,6,11250
diss,timeline,6,56.23,3,9.34,5.08,6,11256
diss,timeline,6,56.23,4,12.04,5.99,6,11256
diss,timeline,6,56.23,5,10.89,5.49,6,11256
diss,timeline,6,56.23,6,12.11,6.27,6,11250
diss,timeline,6,56.23,7,13.39,6.57,6,11250
diss,timeline,6,56.23,8,6.70,0.99,0,11250
diss,timeline,6,56.23,9,13.78,7.45,6,11250
diss,timeline,6,56.23,10,13.88,8.59,6,11256
diss,timeline,6,56.23,11,11.94,8.90,6,11250
diss,timeline,6,56.23,12,15.54,11.53,0,11256
diss,timeline,6,56.23,13,17.02,14.10,6,11256
diss,timeline,6,56.23,14,15.41,8.90,6,11256
diss,timeline,6,56.23,15,11.06,5.35,6,11250
diss,timeline,6,56.23,16,11.00,5.40,6,11256
diss,timeline,6,56.23,17,13.27,5.90,6,11256
diss,timeline,6,56.23,18,9.79,5.95,6,11250
diss,timeline,6,56.23,19,10.71,5.32,6,11250
diss,timeline,6,74.99,0,11.98,6.89,6,15006
diss,timeline,6,74.99,1,11.71,7.08,6,15006
diss,timeline,6,74.99,2,9.70,5.67,6,15006
diss,timeline,6,74.99,3,10.59,5.80,6,15000
diss,timeline,6,74.99,4,10.27,5.45,6,15000
diss,timeline,6,74.99,5,7.70,1.71,0,15006
diss,timeline,6,74.99,6,7.88,1.80,0,15006
diss,timeline,6,74.99,7,10.47,5.26,6,15006
diss,timeline,6,74.99,8,10.08,5.08,6,15006
diss,timeline,6,74.99,9,15.79,6.57,6,15000
diss,timeline,6,74.99,10,11.82,7.82,6,15000
diss,timeline,6,74.99,11,9.59,2.94,0,15006
diss,timeline,6,74.99,12,11.18,6.30,6,15006
diss,timeline,6,74.99,13,11.17,5.68,6,15000
diss,timeline,6,74.99,14,12.40,6.15,6,15000
diss,timeline,6,74.99,15,8.13,1.42,0,15000
diss,timeline,6,74.99,16,7.34,1.10,0,15006
diss,timeline,6,74.99,17,7.27,1.17,0,15006
diss,timeline,6,74.99,18,13.21,5.93,6,15006
diss,timeline,6,74.99,19,13.81,6.18,6,15006
diss,timeline,6,100,0,12.50,1.94,0,20004
diss,timeline,6,100,1,13.11,7.43,6,20004
diss,timeline,6,100,2,10.22,1.88,0,20004
diss,timeline,6,100,3,10.23,1.78,0,20010
diss,timeline,6,100,4,16.05,6.88,6,20004
diss,timeline,6,100,5,8.45,2.06,0,20004
diss,timeline,6,100,6,8.48,1.67,0,20004
diss,timeline,6,100,7,8.58,2.22,0,20004
diss,timeline,6,100,8,15.94,9.78,6,20010
diss,timeline,6,100,9,17.76,12.60,6,20010
diss,timeline,6,100,10,13.40,6.01,6,20004
diss,timeline,6,100,11,9.21,1.67,0,20004
diss,timeline,6,100,12,10.66,3.48,0,20010
diss,timeline,6,100,13,17.11,12.87,6,20004
diss,timeline,6,100,14,18.37,11.59,6,20004
diss,timeline,6,100,15,19.44,12.32,6,20004
diss,timeline,6,100,16,14.78,6.31,6,20004
diss,timeline,6,100,17,14.73,5.97,6,20004
diss,timeline,6,100,18,14.70,6.37,6,20010
diss,timeline,6,100,19,15.37,8.07,6,20010
diss,timeline,6,133.4,0,19.73,6.69,6,26676
diss,timeline,6,133.4,1,16.59,6.63,6,26676
diss,timeline,6,133.4,2,17.68,8.26,7,26676
diss,timeline,6,133.4,3,14.31,3.58,0,26676
diss,timeline,6,133.4,4,22.13,12.16,6,26676
diss,timeline,6,133.4,5,17.58,9.56,6,26676
diss,timeline,6,133.4,6,12.32,1.98,0,26676
diss,timeline,6,133.4,7,15.35,7.50,6,26676
diss,timeline,6,133.4,8,9.64,2.28,0,26676
diss,timeline,6,133.4,9,16.00,7.00,6,26676
diss,timeline,6,133.4,10,18.65,8.31,6,26676
diss,timeline,6,133.4,11,15.64,7.58,6,26676
diss,timeline,6,133.4,12,11.19,2.25,0,26676
diss,timeline,6,133.4,13,18.47,8.20,6,26682
diss,timeline,6,133.4,14,16.90,6.13,6,26682
diss,timeline,6,133.4,15,11.29,1.87,0,26676
diss,timeline,6,133.4,16,15.46,6.10,6,26676
diss,timeline,6,133.4,17,12.38,2.29,0,26676
diss,timeline,6,133.4,18,15.48,5.90,0,26676
diss,timeline,6,133.4,19,19.37,8.07,6,26676
diss,timeline,6,177.8,0,12.05,3.46,0,35574
diss,timeline,6,177.8,1,11.81,4.14,0,35574
diss,timeline,6,177.8,2,17.07,7.97,6,35574
diss,timeline,6,177.8,3,17.85,7.94,6,35574
diss,timeline,6,177.8,4,16.10,2.87,0,35568
diss,timeline,6,177.8,5,12.31,2.92,0,35568
diss,timeline,6,177.8,6,14.37,3.82,0,35574
diss,timeline,6,177.8,7,11.14,3.67,0,35568
diss,timeline,6,177.8,8,17.81,8.69,6,35574
diss,timeline,6,177.8,9,19.16,7.78,6,35568
diss,timeline,6,177.8,10,27.76,16.28,6,35568
diss,timeline,6,177.8,11,23.89,11.90,6,35568
diss,timeline,6,177.8,12,17.17,6.47,6,35574
diss,timeline,6,177.8,13,21.02,6.90,6,35574
diss,timeline,6,177.8,14,11.40,2.15,0,35574
diss,timeline,6,177.8,15,14.93,2.75,0,35568
diss,timeline,6,177.8,16,12.62,2.58,0,35568
diss,timeline,6,177.8,17,9.73,2.23,0,35568
diss,timeline,6,177.8,18,14.67,2.23,0,35568
diss,timeline,6,177.8,19,14.98,2.23,0,35574
diss,timeline,6,237.1,0,20.33,9.62,1,47436
diss,timeline,6,237.1,1,18.25,3.14,0,47436
diss,timeline,6,237.1,2,24.81,10.43,6,47430
diss,timeline,6,237.1,3,20.02,7.89,6,47436
diss,timeline,6,237.1,4,16.84,3.23,0,47436
diss,timeline,6,237.1,5,16.08,2.37,0,47436
diss,timeline,6,237.1,6,15.65,2.29,0,47436
diss,timeline,6,237.1,7,18.30,4.55,0,47430
diss,timeline,6,237.1,8,18.81,5.44,0,47436
diss,timeline,6,237.1,9,26.04,9.70,6,47430
diss,timeline,6,237.1,10,20.92,7.86,6,47430
diss,timeline,6,237.1,11,14.92,2.45,0,47436
diss,timeline,6,237.1,12,17.26,3.90,0,47430
diss,timeline,6,237.1,13,15.88,3.77,0,47436
diss,timeline,6,237.1,14,27.68,10.87,6,47436
diss,timeline,6,237.1,15,18.41,3.28,0,47430
diss,timeline,6,237.1,16,25.03,8.49,6,47430
diss,timeline,6,237.1,17,17.09,3.96,0,47436
diss,timeline,6,237.1,18,15.18,2.34,0,47436
diss,timeline,6,237.1,19,19.59,8.75,6,47436
diss,timeline,6,316.2,0,10.26,6.56,7,6330
diss,timeline,6,316.2,1,9.79,4.81,6,6330
diss,timeline,6,316.2,2,13.81,5.15,6,6330
diss,timeline,6,316.2,3,8.69,5.40,6,6330
diss,timeline,6,316.2,4,10.98,6.52,6,6330
diss,timeline,6,316.2,5,8.09,4.80,6,6330
diss,timeline,6,316.2,6,12.08,8.64,6,6330
diss,timeline,6,316.2,7,9.91,6.92,0,6330
diss,timeline,6,316.2,8,11.06,6.51,6,6330
diss,timeline,6,316.2,9,11.13,7.17,6,6330
diss,timeline,6,316.2,10,10.80,4.87,6,6330
diss,timeline,6,316.2,11,3.63,0.64,0,6330
diss,timeline,6,316.2,12,4.32,0.56,0,6330
diss,timeline,6,316.2,13,4.87,0.51,0,6330
diss,timeline,6,316.2,14,4.51,0.70,0,6330
diss,timeline,6,316.2,15,4.10,0.46,0,6330
diss,timeline,6,316.2,16,4.01,0.68,0,6330
diss,timeline,6,316.2,17,7.89,4.86,6,6330
diss,timeline,6,316.2,18,3.49,0.57,0,6330
diss,timeline,6,316.2,19,8.23,4.30,6,6330
diss,timeline,6,421.7,0,4.59,0.93,0,8436
diss,timeline,6,421.7,1,5.49,0.98,0,8442
diss,timeline,6,421.7,2,5.25,0.61,0,8436
diss,timeline,6,421.7,3,8.02,1.19,0,8442
diss,timeline,6,421.7,4,10.16,1.00,0,8442
diss,timeline,6,421.7,5,7.02,0.98,0,8442
diss,timeline,6,421.7,6,11.25,5.90,6,8436
diss,timeline,6,421.7,7,12.82,5.54,0,8442
diss,timeline,6,421.7,8,5.14,0.89,0,8436
diss,timeline,6,421.7,9,4.98,0.71,0,8442
diss,timeline,6,421.7,10,4.46,0.66,0,8436
diss,timeline,6,421.7,11,4.99,1.16,0,8442
diss,timeline,6,421.7,12,4.57,0.99,0,8436
diss,timeline,6,421.7,13,4.79,0.57,0,8436
diss,timeline,6,421.7,14,4.23,1.26,0,8442
diss,timeline,6,421.7,15,4.45,0.54,0,8436
diss,timeline,6,421.7,16,4.79,1.06,0,8442
diss,timeline,6,421.7,17,4.75,0.85,0,8436
diss,timeline,6,421.7,18,5.41,0.58,0,8442
diss,timeline,6,421.7,19,4.90,0.69,0,8436
diss,timeline,6,562.3,0,5.30,0.86,0,11256
diss,timeline,6,562.3,1,5.36,1.10,0,11250
diss,timeline,6,562.3,2,5.11,0.78,0,11250
diss,timeline,6,562.3,3,5.76,1.10,0,11256
diss,timeline,6,562.3,4,5.88,1.02,0,11250
diss,timeline,6,562.3,5,5.54,0.75,0,11250
diss,timeline,6,562.3,6,5.92,0.68,0,11250
diss,timeline,6,562.3,7,5.40,2.23,0,11256
diss,timeline,6,562.3,8,5.60,0.58,0,11256
diss,timeline,6,562.3,9,6.49,0.77,0,11256
diss,timeline,6,562.3,10,9.67,1.86,0,11256
diss,timeline,6,562.3,11,6.17,0.87,0,11256
diss,timeline,6,562.3,12,6.39,0.80,0,11250
diss,timeline,6,562.3,13,8.28,3.29,0,11250
diss,timeline,6,562.3,14,11.93,5.65,6,11250
diss,timeline,6,562.3,15,5.83,0.97,0,11256
diss,timeline,6,562.3,16,6.06,0.96,0,11256
diss,timeline,6,562.3,17,6.02,0.75,0,11256
diss,timeline,6,562.3,18,6.19,1.18,0,11250
diss,timeline,6,562.3,19,6.13,0.73,0,11250
diss,timeline,6,749.9,0,7.12,0.85,0,15006
diss,timeline,6,749.9,1,7.05,1.07,0,15006
diss,timeline,6,749.9,2,10.87,5.90,6,15006
diss,timeline,6,749.9,3,7.24,1.00,0,15000
diss,timeline,6,749.9,4,9.05,4.25,0,15006
diss,timeline,6,749.9,5,6.35,1.08,0,15006
diss,timeline,6,749.9,6,15.03,7.61,0,15000
diss,timeline,6,749.9,7,12.30,7.15,0,15000
diss,timeline,6,749.9,8,9.19,5.37,0,15000
diss,timeline,6,749.9,9,10.76,2.34,0,15000
diss,timeline,6,749.9,10,8.02,1.15,0,15006
diss,timeline,6,749.9,11,7.40,1.11,0,15006
diss,timeline,6,749.9,12,7.22,1.46,0,15000
diss,timeline,6,749.9,13,7.18,1.14,0,15000
diss,timeline,6,749.9,14,14.09,1.40,0,15006
diss,timeline,6,749.9,15,10.38,1.55,0,15000
diss,timeline,6,749.9,16,9.98,1.69,0,15006
diss,timeline,6,749.9,17,10.16,1.25,0,15000
diss,timeline,6,749.9,18,10.07,1.37,0,15000
diss,timeline,6,749.9,19,9.34,1.39,0,15006
diss,timeline,6,1000,0,11.34,1.89,0,20004
diss,timeline,6,1000,1,12.79,1.75,0,20004
diss,timeline,6,1000,2,11.35,1.57,0,20010
diss,timeline,6,1000,3,12.21,1.98,0,20010
diss,timeline,6,1000,4,11.45,2.25,0,20004
diss,timeline,6,1000,5,10.70,1.47,0,20004
diss,timeline,6,1000,6,12.70,4.85,0,20004
diss,timeline,6,1000,7,13.03,5.56,0,20004
diss,timeline,6,1000,8,16.88,10.20,0,20004
diss,timeline,6,1000,9,8.24,1.90,0,20004
diss,timeline,6,1000,10,8.43,1.36,0,20004
diss,timeline,6,1000,11,9.41,1.36,0,20004
diss,timeline,6,1000,12,8.29,1.80,0,20004
diss,timeline,6,1000,13,8.98,1.12,0,20010
diss,timeline,6,1000,14,8.33,1.29,0,20004
diss,timeline,6,1000,15,9.70,1.95,0,20004
diss,timeline,6,1000,16,9.34,1.40,0,20004
diss,timeline,6,1000,17,10.32,1.98,0,20004
diss,timeline,6,1000,18,11.23,1.51,0,20004
diss,timeline,6,1000,19,8.88,1.35,0,20004
diss,timeline,6,1334,0,9.97,1.89,0,26676
diss,timeline,6,1334,1,10.25,1.80,0,26676
diss,timeline,6,1334,2,10.35,2.04,0,26676
diss,timeline,6,1334,3,15.53,4.77,0,26676
diss,timeline,6,1334,4,11.92,1.51,0,26676
diss,timeline,6,1334,5,10.94,1.81,0,26676
diss,timeline,6,1334,6,14.40,5.38,0,26676
diss,timeline,6,1334,7,9.35,1.91,0,26676
diss,timeline,6,1334,8,11.05,1.69,0,26676
diss,timeline,6,1334,9,11.16,3.43,0,26676
diss,timeline,6,1334,10,12.50,1.75,0,26676
diss,timeline,6,1334,11,10.77,1.99,0,26676
diss,timeline,6,1334,12,15.57,6.06,0,26682
diss,timeline,6,1334,13,19.34,8.46,0,26682
diss,timeline,6,1334,14,12.98,5.36,0,26676
diss,timeline,6,1334,15,11.27,2.11,0,26676
diss,timeline,6,1334,16,15.29,5.36,0,26682
diss,timeline,6,1334,17,11.78,2.03,0,26676
diss,timeline,6,1334,18,11.57,2.01,0,26676
diss,timeline,6,1334,19,10.97,1.78,0,26676
diss,timeline,6,1778,0,12.91,2.61,0,35568
diss,timeline,6,1778,1,10.99,2.34,0,35568
diss,timeline,6,1778,2,15.42,2.42,0,35574
diss,timeline,6,1778,3,12.89,2.38,0,35574
diss,timeline,6,1778,4,12.17,2.41,0,35574
diss,timeline,6,1778,5,11.85,2.89,0,35568
diss,timeline,6,1778,6,17.51,5.91,0,35574
diss,timeline,6,1778,7,14.48,2.84,0,35568
diss,timeline,6,1778,8,14.23,2.42,0,35574
diss,timeline,6,1778,9,14.38,2.47,0,35568
diss,timeline,6,1778,10,13.52,2.57,0,35574
diss,timeline,6,1778,11,12.56,2.25,0,35568
diss,timeline,6,1778,12,14.07,2.54,0,35574
diss,timeline,6,1778,13,12.60,2.25,0,35568
diss,timeline,6,1778,14,12.62,2.35,0,35574
diss,timeline,6,1778,15,12.13,3.14,0,35574
diss,timeline,6,1778,16,20.14,5.08,0,35574
diss,timeline,6,1778,17,13.25,2.76,0,35568
diss,timeline,6,1778,18,12.84,2.34,0,35568
diss,timeline,6,1778,19,12.66,3.54,0,35574
diss,timeline,6,2371,0,19.59,6.25,0,47430
diss,timeline,6,2371,1,16.09,2.92,0,47430
diss,timeline,6,2371,2,18.25,4.00,0,47430
diss,timeline,6,2371,3,18.78,4.23,0,47436
diss,timeline,6,2371,4,16.34,2.74,0,47436
diss,timeline,6,2371,5,18.22,6.33,0,47430
diss,timeline,6,2371,6,18.53,5.79,0,47436
diss,timeline,6,2371,7,19.47,5.09,0,47436
diss,timeline,6,2371,8,16.17,3.35,0,47436
diss,timeline,6,2371,9,15.97,3.08,0,47436
diss,timeline,6,2371,10,16.04,3.27,0,47430
diss,timeline,6,2371,11,17.00,6.43,0,47436
diss,timeline,6,2371,12,26.60,13.00,0,47430
diss,timeline,6,2371,13,28.03,8.80,0,47436
diss,timeline,6,2371,14,21.87,7.31,0,47430
diss,timeline,6,2371,15,24.84,4.83,0,47436
diss,timeline,6,2371,16,20.75,3.35,0,47436
diss,timeline,6,2371,17,26.29,10.44,0,47430
diss,timeline,6,2371,18,19.01,3.99,0,47430
diss,timeline,6,2371,19,18.74,4.31,0,47430
diss,timeline,6,3162,0,8.73,5.36,6,6330
diss,timeline,6,3162,1,9.19,5.08,6,6336
diss,timeline,6,3162,2,4.54,0.55,0,6336
diss,timeline,6,3162,3,4.05,0.86,0,6330
diss,timeline,6,3162,4,3.79,0.67,0,6330
diss,timeline,6,3162,5,4.23,0.68,0,6330
diss,timeline,6,3162,6,4.83,0.74,0,6330
diss,timeline,6,3162,7,4.43,0.55,0,6330
diss,timeline,6,3162,8,4.36,0.45,0,6330
diss,timeline,6,3162,9,3.77,0.53,0,6330
diss,timeline,6,3162,10,4.45,0.75,0,6330
diss,timeline,6,3162,11,4.69,0.56,0,6330
diss,timeline,6,3162,12,4.92,0.78,0,6330
diss,timeline,6,3162,13,4.33,0.82,0,6330
diss,timeline,6,3162,14,3.89,0.55,0,6330
diss,timeline,6,3162,15,4.81,0.67,0,6330
diss,timeline,6,3162,16,4.44,0.63,0,6330
diss,timeline,6,3162,17,4.44,0.83,0,6330
diss,timeline,6,3162,18,4.46,0.93,0,6330
diss,timeline,6,3162,19,4.49,0.64,0,6330
diss,timeline,6,4217,0,5.37,0.76,0,8436
diss,timeline,6,4217,1,6.19,1.16,0,8442
diss,timeline,6,4217,2,5.15,0.84,0,8442
diss,timeline,6,4217,3,5.94,0.95,0,8442
diss,timeline,6,4217,4,5.86,0.85,0,8436
diss,timeline,6,4217,5,5.85,0.83,0,8436
diss,timeline,6,4217,6,5.25,0.79,0,8436
diss,timeline,6,4217,7,5.32,0.78,0,8442
diss,timeline,6,4217,8,5.30,0.68,0,8436
diss,timeline,6,4217,9,5.01,1.12,0,8436
diss,timeline,6,4217,10,5.12,1.11,0,8442
diss,timeline,6,4217,11,6.26,1.71,0,8436
diss,timeline,6,4217,12,5.97,0.89,0,8442
diss,timeline,6,4217,13,7.65,1.06,0,8442
diss,timeline,6,4217,14,5.17,0.73,0,8442
diss,timeline,6,4217,15,5.13,0.71,0,8436
diss,timeline,6,4217,16,6.16,0.76,0,8442
diss,timeline,6,4217,17,4.35,0.55,0,8442
diss,timeline,6,4217,18,5.25,0.71,0,8442
diss,timeline,6,4217,19,4.80,0.55,0,8442
diss,timeline,6,5623,0,6.32,0.74,0,11250
diss,timeline,6,5623,1,5.15,1.01,0,11250
diss,timeline,6,5623,2,6.89,1.14,0,11250
diss,timeline,6,5623,3,5.33,1.69,0,11256
diss,timeline,6,5623,4,6.06,1.07,0,11256
diss,timeline,6,5623,5,5.61,0.70,0,11250
diss,timeline,6,5623,6,4.95,0.58,0,11256
diss,timeline,6,5623,7,9.05,5.30,0,11250
diss,timeline,6,5623,8,10.95,7.85,0,11256
diss,timeline,6,5623,9,15.89,11.20,0,11250
diss,timeline,6,5623,10,8.90,4.42,0,11256
diss,timeline,6,5623,11,5.81,0.80,0,11250
diss,timeline,6,5623,12,7.75,2.44,0,11250
diss,timeline,6,5623,13,6.24,0.98,0,11256
diss,timeline,6,5623,14,6.06,0.98,0,11256
diss,timeline,6,5623,15,5.43,0.84,0,11256
diss,timeline,6,5623,16,8.84,4.95,0,11256
diss,timeline,6,5623,17,5.64,1.12,0,11256
diss,timeline,6,5623,18,6.15,1.11,0,11256
diss,timeline,6,5623,19,6.79,1.17,0,11250
diss,aggregate,1,1,0,5.25,3.38,1,1
diss,aggregate,1,1,1,4.14,2.48,1,1
diss,aggregate,1,1,2,7.54,5.57,1,1
diss,aggregate,1,1,3,4.35,2.67,1,1
diss,aggregate,1,1,4,4.33,2.67,1,1
diss,aggregate,1,1,5,4.51,2.94,1,1
diss,aggregate,1,1,6,3.97,2.44,1,1
diss,aggregate,1,1,7,5.17,3.24,1,1
diss,aggregate,1,1,8,5.30,2.92,1,1
diss,aggregate,1,1,9,4.82,2.84,1,1
diss,aggregate,1,1,10,4.16,2.28,1,1
diss,aggregate,1,1,11,3.65,2.02,1,1
diss,aggregate,1,1,12,3.91,2.44,1,1
diss,aggregate,1,1,13,4.04,2.59,1,1
diss,aggregate,1,1,14,4.16,2.55,1,1
diss,aggregate,1,1,15,4.42,3.03,1,1
diss,aggregate,1,1,16,6.55,5.04,1,1
diss,aggregate,1,1,17,9.62,7.72,1,1
diss,aggregate,1,1,18,5.01,2.90,1,1
diss,aggregate,1,1,19,4.97,2.84,1,1
diss,aggregate,1,1.334,0,5.14,3.09,1,1
diss,aggregate,1,1.334,1,9.03,7.05,1,1
diss,aggregate,1,1.334,2,4.48,2.19,1,1
diss,aggregate,1,1.334,3,5.13,2.52,1,1
diss,aggregate,1,1.334,4,4.19,2.46,1,1
diss,aggregate,1,1.334,5,4.35,2.42,1,1
diss,aggregate,1,1.334,6,5.19,3.04,1,1
diss,aggregate,1,1.334,7,4.53,2.56,1,1
diss,aggregate,1,1.334,8,4.01,2.50,1,1
diss,aggregate,1,1.334,9,4.10,2.42,1,1
diss,aggregate,1,1.334,10,4.39,2.83,1,1
diss,aggregate,1,1.334,11,4.28,2.59,1,1
diss,aggregate,1,1.334,12,4.24,2.45,1,1
diss,aggregate,1,1.334,13,4.07,2.40,1,1
diss,aggregate,1,1.334,14,4.32,2.50,1,1
diss,aggregate,1,1.334,15,6.02,4.43,1,1
diss,aggregate,1,1.334,16,3.81,2.35,1,1
diss,aggregate,1,1.334,17,4.87,3.16,1,1
diss,aggregate,1,1.334,18,4.73,2.89,1,1
diss,aggregate,1,1.334,19,4.84,3.17,1,1
diss,aggregate,1,1.778,0,4.16,2.58,1,1
diss,aggregate,1,1.778,1,5.28,2.96,1,1
diss,aggregate,1,1.778,2,5.41,3.87,1,1
diss,aggregate,1,1.778,3,3.79,2.29,1,1
diss,aggregate,1,1.778,4,5.34,3.17,1,1
diss,aggregate,1,1.778,5,4.36,2.60,1,1
diss,aggregate,1,1.778,6,4.47,2.51,1,1
diss,aggregate,1,1.778,7,3.93,2.28,1,1
diss,aggregate,1,1.778,8,5.52,3.98,1,1
diss,aggregate,1,1.778,9,4.40,2.45,1,1
diss,aggregate,1,1.778,10,7.90,6.40,1,1
diss,aggregate,1,1.778,11,6.68,5.19,1,1
diss,aggregate,1,1.778,12,7.99,6.78,1,1
diss,aggregate,1,1.778,13,7.98,6.19,1,1
diss,aggregate,1,1.778,14,4.91,3.34,1,1
diss,aggregate,1,1.778,15,4.07,2.40,1,1
diss,aggregate,1,1.778,16,6.66,4.82,1,1
diss,aggregate,1,1.778,17,4.62,2.84,1,1
diss,aggregate,1,1.778,18,4.43,2.51,1,1
diss,aggregate,1,1.778,19,5.18,2.93,1,1
diss,aggregate,1,2.371,0,4.58,2.86,1,1
diss,aggregate,1,2.371,1,4.28,2.68,1,1
diss,aggregate,1,2.371,2,4.33,2.56,1,1
diss,aggregate,1,2.371,3,4.56,2.77,1,1
diss,aggregate,1,2.371,4,4.30,2.65,1,1
diss,aggregate,1,2.371,5,7.46,3.67,1,1
diss,aggregate,1,2.371,6,6.78,4.29,1,1
diss,aggregate,1,2.371,7,9.38,3.50,1,1
diss,aggregate,1,2.371,8,6.90,4.72,1,1
diss,aggregate,1,2.371,9,5.89,3.91,1,1
diss,aggregate,1,2.371,10,5.29,3.31,1,1
diss,aggregate,1,2.371,11,6.09,3.81,1,1
diss,aggregate,1,2.371,12,5.70,3.73,1,1
diss,aggregate,1,2.371,13,5.81,3.45,1,1
diss,aggregate,1,2.371,14,4.83,2.95,1,1
diss,aggregate,1,2.371,15,4.13,2.47,1,1
diss,aggregate,1,2.371,16,4.41,2.76,1,1
diss,aggregate,1,2.371,17,5.75,3.95,1,1
diss,aggregate,1,2.371,18,6.57,4.55,1,1
diss,aggregate,1,2.371,19,5.22,3.45,1,1
diss,aggregate,1,3.162,0,4.24,2.61,1,1
diss,aggregate,1,3.162,1,3.97,2.48,1,1
diss,aggregate,1,3.162,2,7.74,5.77,1,1
diss,aggregate,1,3.162,3,4.21,2.68,1,1
diss,aggregate,1,3.162,4,3.97,2.39,1,1
diss,aggregate,1,3.162,5,4.21,2.62,1,1
diss,aggregate,1,3.162,6,4.25,2.41,1,1
diss,aggregate,1,3.162,7,4.08,2.57,1,1
diss,aggregate,1,3.162,8,4.05,2.54,1,1
diss,aggregate,1,3.162,9,4.92,3.48,1,1
diss,aggregate,1,3.162,10,4.23,2.85,1,1
diss,aggregate,1,3.162,11,4.08,2.29,1,1
diss,aggregate,1,3.162,12,4.25,2.76,1,1
diss,aggregate,1,3.162,13,3.73,2.25,1,1
diss,aggregate,1,3.162,14,4.00,2.21,1,1
diss,aggregate,1,3.162,15,4.39,2.48,1,1
diss,aggregate,1,3.162,16,4.59,2.89,1,1
diss,aggregate,1,3.162,17,4.20,2.60,1,1
diss,aggregate,1,3.162,18,3.75,2.15,1,1
diss,aggregate,1,3.162,19,3.63,2.24,1,1
diss,aggregate,1,4.217,0,3.81,2.37,1,1
diss,aggregate,1,4.217,1,4.49,2.80,1,1
diss,aggregate,1,4.217,2,3.89,2.37,1,1
diss,aggregate,1,4.217,3,4.23,2.60,1,1
diss,aggregate,1,4.217,4,3.98,2.48,1,1
diss,aggregate,1,4.217,5,3.77,2.27,1,1
diss,aggregate,1,4.217,6,3.70,2.29,1,1
diss,aggregate,1,4.217,7,4.27,2.06,1,1
diss,aggregate,1,4.217,8,4.19,2.50,1,1
diss,aggregate,1,4.217,9,4.07,2.52,1,1
diss,aggregate,1,4.217,10,3.46,2.04,1,1
diss,aggregate,1,4.217,11,3.52,2.18,1,1
diss,aggregate,1,4.217,12,4.83,2.81,1,1
diss,aggregate,1,4.217,13,6.79,5.21,1,1
diss,aggregate,1,4.217,14,9.41,7.40,1,1
diss,aggregate,1,4.217,15,5.48,3.83,1,1
diss,aggregate,1,4.217,16,9.85,7.45,1,1
diss,aggregate,1,4.217,17,6.09,4.57,1,1
diss,aggregate,1,4.217,18,4.15,2.54,1,1
diss,aggregate,1,4.217,19,5.02,3.45,1,1
diss,aggregate,1,5.623,0,6.40,4.87,1,1
diss,aggregate,1,5.623,1,4.20,2.56,1,1
diss,aggregate,1,5.623,2,4.40,2.70,1,1
diss,aggregate,1,5.623,3,4.11,2.45,1,1
diss,aggregate,1,5.623,4,4.64,2.62,1,1
diss,aggregate,1,5.623,5,4.67,2.73,1,1
diss,aggregate,1,5.623,6,4.82,2.61,1,1
diss,aggregate,1,5.623,7,4.87,2.89,1,1
diss,aggregate,1,5.623,8,4.00,2.18,1,1
diss,aggregate,1,5.623,9,5.05,3.10,1,1
diss,aggregate,1,5.623,10,4.56,2.52,1,1
diss,aggregate,1,5.623,11,4.09,2.13,1,1
diss,aggregate,1,5.623,12,5.05,3.05,1,1
diss,aggregate,1,5.623,13,4.56,2.89,1,1
diss,aggregate,1,5.623,14,4.00,2.37,1,1
diss,aggregate,1,5.623,15,4.87,2.97,1,1
diss,aggregate,1,5.623,16,5.32,3.44,1,1
diss,aggregate,1,5.623,17,3.88,2.33,1,1
diss,aggregate,1,5.623,18,3.58,2.24,1,1
diss,aggregate,1,5.623,19,4.12,2.26,1,1
diss,aggregate,1,7.499,0,4.86,3.00,1,1
diss,aggregate,1,7.499,1,4.22,2.41,1,1
diss,aggregate,1,7.499,2,4.67,2.98,1,1
diss,aggregate,1,7.499,3,5.02,3.14,1,1
diss,aggregate,1,7.499,4,4.61,2.67,1,1
diss,aggregate,1,7.499,5,7.47,5.80,1,1
diss,aggregate,1,7.499,6,5.28,3.76,1,1
diss,aggregate,1,7.499,7,8.73,7.27,1,1
diss,aggregate,1,7.499,8,4.27,2.87,1,1
diss,aggregate,1,7.499,9,3.99,2.55,1,1
diss,aggregate,1,7.499,10,5.08,3.56,1,1
diss,aggregate,1,7.499,11,4.37,2.91,1,1
diss,aggregate,1,7.499,12,4.21,2.76,1,1
diss,aggregate,1,7.499,13,7.39,5.95,1,1
diss,aggregate,1,7.499,14,4.15,2.84,1,1
diss,aggregate,1,7.499,15,4.48,2.98,1,1
diss,aggregate,1,7.499,16,5.32,3.01,1,1
diss,aggregate,1,7.499,17,4.77,2.77,1,1
diss,aggregate,1,7.499,18,4.06,2.61,1,1
diss,aggregate,1,7.499,19,4.22,2.77,1,1
diss,aggregate,1,10,0,6.00,4.56,1,1
diss,aggregate,1,10,1,4.83,3.00,1,1
diss,aggregate,1,10,2,4.40,2.59,1,1
diss,aggregate,1,10,3,5.78,4.40,1,1
diss,aggregate,1,10,4,3.94,2.25,1,1
diss,aggregate,1,10,5,4.57,2.70,1,1
diss,aggregate,1,10,6,4.27,2.79,1,1
diss,aggregate,1,10,7,6.90,5.33,1,1
diss,aggregate,1,10,8,4.13,2.54,1,1
diss,aggregate,1,10,9,4.54,3.05,1,1
diss,aggregate,1,10,10,6.52,4.68,1,1
diss,aggregate,1,10,11,4.36,2.91,1,1
diss,aggregate,1,10,12,4.72,2.94,1,1
diss,aggregate,1,10,13,4.09,2.40,1,1
diss,aggregate,1,10,14,4.45,2.92,1,1
diss,aggregate,1,10,15,4.18,2.61,1,1
diss,aggregate,1,10,16,6.67,4.99,1,1
diss,aggregate,1,10,17,7.04,5.41,1,1
diss,aggregate,1,10,18,6.20,4.46,1,1
diss,aggregate,1,10,19,8.15,6.63,1,1
diss,aggregate,1,13.34,0,6.29,4.22,1,1
diss,aggregate,1,13.34,1,4.86,2.88,1,1
diss,aggregate,1,13.34,2,4.86,2.86,2,1
diss,aggregate,1,13.34,3,5.21,3.13,1,1
diss,aggregate,1,13.34,4,6.23,3.88,1,1
diss,aggregate,1,13.34,5,5.21,3.18,1,1
diss,aggregate,1,13.34,6,6.83,4.71,1,1
diss,aggregate,1,13.34,7,5.40,3.09,1,1
diss,aggregate,1,13.34,8,6.13,3.67,1,1
diss,aggregate,1,13.34,9,4.76,2.94,1,1
diss,aggregate,1,13.34,10,4.79,3.06,1,1
diss,aggregate,1,13.34,11,4.10,2.51,1,1
diss,aggregate,1,13.34,12,7.30,5.53,1,1
diss,aggregate,1,13.34,13,3.98,2.65,1,1
diss,aggregate,1,13.34,14,4.57,3.08,1,1
diss,aggregate,1,13.34,15,5.31,3.60,1,1
diss,aggregate,1,13.34,16,4.46,2.95,1,1
diss,aggregate,1,13.34,17,4.70,3.23,1,1
diss,aggregate,1,13.34,18,5.45,3.95,1,1
diss,aggregate,1,13.34,19,5.04,3.20,1,1
diss,aggregate,1,17.78,0,4.58,3.09,1,1
diss,aggregate,1,17.78,1,4.02,2.56,1,1
diss,aggregate,1,17.78,2,4.79,3.19,1,1
diss,aggregate,1,17.78,3,5.17,3.51,1,1
diss,aggregate,1,17.78,4,8.34,6.36,1,1
diss,aggregate,1,17.78,5,4.76,2.96,1,1
diss,aggregate,1,17.78,6,5.95,3.83,1,1
diss,aggregate,1,17.78,7,4.90,3.18,1,1
diss,aggregate,1,17.78,8,5.09,3.49,1,1
diss,aggregate,1,17.78,9,4.56,2.97,1,1
diss,aggregate,1,17.78,10,4.61,3.04,1,1
diss,aggregate,1,17.78,11,4.05,2.57,1,1
diss,aggregate,1,17.78,12,5.70,4.01,1,1
diss,aggregate,1,17.78,13,6.47,4.18,1,1
diss,aggregate,1,17.78,14,5.64,3.30,1,1
diss,aggregate,1,17.78,15,7.39,5.64,1,1
diss,aggregate,1,17.78,16,4.25,2.69,1,1
diss,aggregate,1,17.78,17,4.68,3.10,1,1
diss,aggregate,1,17.78,18,4.51,2.82,1,1
diss,aggregate,1,17.78,19,5.83,3.29,1,1
diss,aggregate,1,23.71,0,4.54,3.14,1,1
diss,aggregate,1,23.71,1,4.30,2.81,1,1
diss,aggregate,1,23.71,2,4.53,3.05,1,1
diss,aggregate,1,23.71,3,4.90,3.44,1,1
diss,aggregate,1,23.71,4,4.64,3.21,1,1
diss,aggregate,1,23.71,5,5.18,3.41,1,1
diss,aggregate,1,23.71,6,5.88,4.04,1,1
diss,aggregate,1,23.71,7,5.35,3.30,1,1
diss,aggregate,1,23.71,8,5.55,3.59,1,1
diss,aggregate,1,23.71,9,8.29,6.54,1,1
diss,aggregate,1,23.71,10,5.77,3.87,1,1
diss,aggregate,1,23.71,11,5.26,3.30,1,1
diss,aggregate,1,23.71,12,4.89,3.34,1,1
diss,aggregate,1,23.71,13,6.75,5.14,1,1
diss,aggregate,1,23.71,14,5.10,3.04,1,1
diss,aggregate,1,23.71,15,6.83,5.16,1,1
diss,aggregate,1,23.71,16,5.64,4.17,1,1
diss,aggregate,1,23.71,17,9.91,7.42,1,1
diss,aggregate,1,23.71,18,6.80,5.14,1,1
diss,aggregate,1,23.71,19,4.99,3.22,1,1
diss,aggregate,1,31.62,0,4.82,3.00,2,1
diss,aggregate,1,31.62,1,4.87,2.96,2,1
diss,aggregate,1,31.62,2,5.06,3.10,2,1
diss,aggregate,1,31.62,3,5.27,3.22,2,1
diss,aggregate,1,31.62,4,4.63,2.57,2,1
diss,aggregate,1,31.62,5,4.96,2.84,2,1
diss,aggregate,1,31.62,6,3.87,2.48,2,1
diss,aggregate,1,31.62,7,5.10,3.41,2,1
diss,aggregate,1,31.62,8,4.77,3.24,2,1
diss,aggregate,1,31.62,9,4.60,3.22,2,1
diss,aggregate,1,31.62,10,7.30,5.46,2,1
diss,aggregate,1,31.62,11,4.21,2.71,2,1
diss,aggregate,1,31.62,12,5.31,3.71,2,1
diss,aggregate,1,31.62,13,5.91,3.69,2,1
diss,aggregate,1,31.62,14,4.79,3.03,2,1
diss,aggregate,1,31.62,15,4.21,2.64,2,1
diss,aggregate,1,31.62,16,4.44,2.80,2,1
diss,aggregate,1,31.62,17,4.15,2.72,2,1
diss,aggregate,1,31.62,18,4.99,3.37,2,1
diss,aggregate,1,31.62,19,4.44,2.65,2,1
diss,aggregate,1,42.17,0,4.27,2.69,2,1
diss,aggregate,1,42.17,1,4.46,2.65,2,1
diss,aggregate,1,42.17,2,4.97,3.05,2,1
diss,aggregate,1,42.17,3,4.57,2.89,1,1
diss,aggregate,1,42.17,4,4.67,2.50,2,1
diss,aggregate,1,42.17,5,4.49,2.75,2,1
diss,aggregate,1,42.17,6,4.07,2.49,2,1
diss,aggregate,1,42.17,7,4.76,2.92,2,1
diss,aggregate,1,42.17,8,4.95,3.24,2,1
diss,aggregate,1,42.17,9,7.00,3.77,1,1
diss,aggregate,1,42.17,10,5.82,3.84,2,1
diss,aggregate,1,42.17,11,9.41,3.79,2,1
diss,aggregate,1,42.17,12,5.50,3.41,2,1
diss,aggregate,1,42.17,13,4.78,2.78,2,1
diss,aggregate,1,42.17,14,9.57,7.85,2,1
diss,aggregate,1,42.17,15,4.27,2.56,2,1
diss,aggregate,1,42.17,16,4.63,3.05,2,1
diss,aggregate,1,42.17,17,3.85,2.30,2,1
diss,aggregate,1,42.17,18,4.60,2.39,2,1
diss,aggregate,1,42.17,19,4.08,2.52,2,1
diss,aggregate,1,56.23,0,8.74,7.18,2,1
diss,aggregate,1,56.23,1,4.81,2.99,2,1
diss,aggregate,1,56.23,2,3.45,1.89,1,1
diss,aggregate,1,56.23,3,4.87,3.01,2,1
diss,aggregate,1,56.23,4,5.54,3.25,2,1
diss,aggregate,1,56.23,5,4.89,3.22,2,1
diss,aggregate,1,56.23,6,5.15,2.97,2,1
diss,aggregate,1,56.23,7,4.35,2.71,2,1
diss,aggregate,1,56.23,8,3.81,2.29,2,1
diss,aggregate,1,56.23,9,7.03,4.98,2,1
diss,aggregate,1,56.23,10,4.90,3.10,2,1
diss,aggregate,1,56.23,11,4.96,3.13,2,1
diss,aggregate,1,56.23,12,4.69,2.84,2,1
diss,aggregate,1,56.23,13,4.04,2.31,2,1
diss,aggregate,1,56.23,14,6.71,5.19,2,1
diss,aggregate,1,56.23,15,7.41,6.09,2,1
diss,aggregate,1,56.23,16,8.76,7.13,2,1
diss,aggregate,1,56.23,17,8.57,6.77,2,1
diss,aggregate,1,56.23,18,4.81,3.05,2,1
diss,aggregate,1,56.23,19,4.54,2.65,2,1
diss,aggregate,1,74.99,0,4.47,2.68,2,1
diss,aggregate,1,74.99,1,5.34,2.99,2,1
diss,aggregate,1,74.99,2,5.11,3.01,2,1
diss,aggregate,1,74.99,3,4.87,2.68,2,1
diss,aggregate,1,74.99,4,7.12,4.81,2,1
diss,aggregate,1,74.99,5,5.37,2.95,2,1
diss,aggregate,1,74.99,6,4.54,2.58,2,1
diss,aggregate,1,74.99,7,4.65,2.42,2,1
diss,aggregate,1,74.99,8,5.44,3.02,2,1
diss,aggregate,1,74.99,9,5.01,2.45,2,1
diss,aggregate,1,74.99,10,11.01,8.70,2,1
diss,aggregate,1,74.99,11,5.23,2.95,2,1
diss,aggregate,1,74.99,12,5.87,3.56,2,1
diss,aggregate,1,74.99,13,4.48,2.66,2,1
diss,aggregate,1,74.99,14,4.83,2.95,2,1
diss,aggregate,1,74.99,15,4.63,2.83,2,1
diss,aggregate,1,74.99,16,7.65,5.76,2,1
diss,aggregate,1,74.99,17,4.38,2.69,2,1
diss,aggregate,1,74.99,18,3.91,2.54,2,1
diss,aggregate,1,74.99,19,7.39,3.04,2,1
diss,aggregate,1,100,0,4.34,2.74,2,1
diss,aggregate,1,100,1,4.14,2.47,2,1
diss,aggregate,1,100,2,8.42,6.39,2,1
diss,aggregate,1,100,3,4.67,2.82,2,1
diss,aggregate,1,100,4,3.96,2.42,2,1
diss,aggregate,1,100,5,4.32,2.75,2,1
diss,aggregate,1,100,6,4.41,2.69,2,1
diss,aggregate,1,100,7,3.48,2.12,2,1
diss,aggregate,1,100,8,3.95,2.48,2,1
diss,aggregate,1,100,9,5.10,3.67,1,1
diss,aggregate,1,100,10,4.27,2.82,2,1
diss,aggregate,1,100,11,4.25,2.85,2,1
diss,aggregate,1,100,12,4.65,2.91,2,1
diss,aggregate,1,100,13,4.36,2.78,2,1
diss,aggregate,1,100,14,4.84,3.10,2,1
diss,aggregate,1,100,15,5.65,3.96,2,1
diss,aggregate,1,100,16,4.91,3.06,1,1
diss,aggregate,1,100,17,4.58,2.68,2,1
diss,aggregate,1,100,18,4.70,3.04,2,1
diss,aggregate,1,100,19,5.14,3.19,2,1
diss,aggregate,1,133.4,0,4.38,2.81,2,1
diss,aggregate,1,133.4,1,5.54,3.96,2,1
diss,aggregate,1,133.4,2,5.18,3.41,2,1
diss,aggregate,1,133.4,3,4.68,2.98,2,1
diss,aggregate,1,133.4,4,4.18,2.47,2,1
diss,aggregate,1,133.4,5,4.35,2.66,2,1
diss,aggregate,1,133.4,6,4.93,2.88,2,1
diss,aggregate,1,133.4,7,7.49,5.91,1,1
diss,aggregate,1,133.4,8,3.63,2.27,1,1
diss,aggregate,1,133.4,9,4.38,2.50,2,1
diss,aggregate,1,133.4,10,3.71,2.34,2,1
diss,aggregate,1,133.4,11,3.70,2.33,2,1
diss,aggregate,1,133.4,12,4.20,2.56,2,1
diss,aggregate,1,133.4,13,3.89,2.42,2,1
diss,aggregate,1,133.4,14,7.00,5.50,2,1
diss,aggregate,1,133.4,15,4.17,2.59,2,1
diss,aggregate,1,133.4,16,5.25,3.69,2,1
diss,aggregate,1,133.4,17,7.30,5.78,2,1
diss,aggregate,1,133.4,18,5.66,4.18,2,1
diss,aggregate,1,133.4,19,7.89,5.86,2,1
diss,aggregate,1,177.8,0,8.67,7.02,2,1
diss,aggregate,1,177.8,1,4.64,2.88,2,1
diss,aggregate,1,177.8,2,4.66,2.82,2,1
diss,aggregate,1,177.8,3,5.50,3.41,2,1
diss,aggregate,1,177.8,4,5.13,2.91,2,1
diss,aggregate,1,177.8,5,5.46,3.29,2,1
diss,aggregate,1,177.8,6,5.33,3.26,2,1
diss,aggregate,1,177.8,7,4.81,2.93,2,1
diss,aggregate,1,177.8,8,3.99,2.37,2,1
diss,aggregate,1,177.8,9,4.30,2.69,2,1
diss,aggregate,1,177.8,10,3.96,2.58,2,1
diss,aggregate,1,177.8,11,4.35,2.82,2,1
diss,aggregate,1,177.8,12,6.41,4.95,2,1
diss,aggregate,1,177.8,13,4.10,2.48,2,1
diss,aggregate,1,177.8,14,3.60,2.17,2,1
diss,aggregate,1,177.8,15,4.60,2.89,2,1
diss,aggregate,1,177.8,16,5.21,3.10,2,1
diss,aggregate,1,177.8,17,5.20,3.03,2,1
diss,aggregate,1,177.8,18,6.80,4.78,2,1
diss,aggregate,1,177.8,19,4.92,2.91,2,1
diss,aggregate,1,237.1,0,4.92,2.84,2,1
diss,aggregate,1,237.1,1,5.83,3.94,2,1
diss,aggregate,1,237.1,2,4.44,2.78,2,1
diss,aggregate,1,237.1,3,8.18,6.50,2,1
diss,aggregate,1,237.1,4,5.42,3.27,2,1
diss,aggregate,1,237.1,5,4.49,2.66,2,1
diss,aggregate,1,237.1,6,4.80,3.00,2,1
diss,aggregate,1,237.1,7,4.95,2.78,2,1
diss,aggregate,1,237.1,8,4.13,2.25,2,1
diss,aggregate,1,237.1,9,4.29,2.34,2,1
diss,aggregate,1,237.1,10,4.61,2.63,2,1
diss,aggregate,1,237.1,11,3.98,2.63,2,1
diss,aggregate,1,237.1,12,6.67,5.22,1,1
diss,aggregate,1,237.1,13,4.13,2.48,2,1
diss,aggregate,1,237.1,14,4.43,2.76,2,1
diss,aggregate,1,237.1,15,7.72,5.67,2,1
diss,aggregate,1,237.1,16,5.42,3.15,2,1
diss,aggregate,1,237.1,17,4.40,2.64,2,1
diss,aggregate,1,237.1,18,3.92,2.51,2,1
diss,aggregate,1,237.1,19,4.87,2.80,2,1
diss,aggregate,1,316.2,0,3.98,2.46,2,1
diss,aggregate,1,316.2,1,4.23,2.31,2,1
diss,aggregate,1,316.2,2,3.99,2.49,2,1
diss,aggregate,1,316.2,3,4.52,3.00,2,1
diss,aggregate,1,316.2,4,4.67,2.99,2,1
diss,aggregate,1,316.2,5,5.41,3.32,2,1
diss,aggregate,1,316.2,6,3.94,2.32,2,1
diss,aggregate,1,316.2,7,4.36,2.64,2,1
diss,aggregate,1,316.2,8,5.81,4.42,2,1
diss,aggregate,1,316.2,9,6.10,4.47,2,1
diss,aggregate,1,316.2,10,4.03,2.64,2,1
diss,aggregate,1,316.2,11,4.32,2.98,2,1
diss,aggregate,1,316.2,12,3.96,2.48,2,1
diss,aggregate,1,316.2,13,4.13,2.42,2,1
diss,aggregate,1,316.2,14,4.67,3.03,2,1
diss,aggregate,1,316.2,15,5.31,3.14,2,1
diss,aggregate,1,316.2,16,10.00,7.61,2,1
diss,aggregate,1,316.2,17,9.04,7.37,2,1
diss,aggregate,1,316.2,18,8.59,6.49,2,1
diss,aggregate,1,316.2,19,8.77,7.20,2,1
diss,aggregate,1,421.7,0,4.59,2.85,2,1
diss,aggregate,1,421.7,1,4.62,2.92,2,1
diss,aggregate,1,421.7,2,4.06,2.49,2,1
diss,aggregate,1,421.7,3,4.29,2.72,2,1
diss,aggregate,1,421.7,4,3.96,2.40,2,1
diss,aggregate,1,421.7,5,4.11,2.72,2,1
diss,aggregate,1,421.7,6,4.16,2.56,2,1
diss,aggregate,1,421.7,7,4.39,2.87,2,1
diss,aggregate,1,421.7,8,4.35,2.88,2,1
diss,aggregate,1,421.7,9,3.84,2.42,2,1
diss,aggregate,1,421.7,10,4.37,2.60,2,1
diss,aggregate,1,421.7,11,4.53,2.88,2,1
diss,aggregate,1,421.7,12,5.15,2.80,2,1
diss,aggregate,1,421.7,13,3.72,2.40,2,1
diss,aggregate,1,421.7,14,6.11,3.69,2,1
diss,aggregate,1,421.7,15,6.42,3.63,2,1
diss,aggregate,1,421.7,16,5.04,3.08,2,1
diss,aggregate,1,421.7,17,4.15,2.51,2,1
diss,aggregate,1,421.7,18,4.39,2.95,2,1
diss,aggregate,1,421.7,19,4.66,2.53,2,1
diss,aggregate,1,562.3,0,4.52,2.80,2,1
diss,aggregate,1,562.3,1,5.69,2.83,2,1
diss,aggregate,1,562.3,2,5.30,3.49,2,1
diss,aggregate,1,562.3,3,7.67,6.05,2,1
diss,aggregate,1,562.3,4,5.19,3.62,2,1
diss,aggregate,1,562.3,5,4.94,3.30,2,1
diss,aggregate,1,562.3,6,4.06,2.50,2,1
diss,aggregate,1,562.3,7,4.56,2.95,2,1
diss,aggregate,1,562.3,8,4.20,2.78,2,1
diss,aggregate,1,562.3,9,4.00,2.59,2,1
diss,aggregate,1,562.3,10,3.92,2.50,2,1
diss,aggregate,1,562.3,11,4.30,2.79,2,1
diss,aggregate,1,562.3,12,6.55,4.79,2,1
diss,aggregate,1,562.3,13,4.60,2.70,2,1
diss,aggregate,1,562.3,14,6.38,4.52,2,1
diss,aggregate,1,562.3,15,4.31,2.69,2,1
diss,aggregate,1,562.3,16,4.30,2.68,2,1
diss,aggregate,1,562.3,17,3.62,2.26,2,1
diss,aggregate,1,562.3,18,6.76,4.59,2,1
diss,aggregate,1,562.3,19,5.07,3.36,2,1
diss,aggregate,1,749.9,0,5.03,3.11,2,1
diss,aggregate,1,749.9,1,4.79,2.92,2,1
diss,aggregate,1,749.9,2,5.40,3.05,2,1
diss,aggregate,1,749.9,3,4.20,2.62,1,1
diss,aggregate,1,749.9,4,4.65,3.09,2,1
diss,aggregate,1,749.9,5,5.03,3.28,2,1
diss,aggregate,1,749.9,6,5.06,3.01,1,1
diss,aggregate,1,749.9,7,4.65,2.93,2,1
diss,aggregate,1,749.9,8,4.21,2.61,2,1
diss,aggregate,1,749.9,9,4.63,3.09,2,1
diss,aggregate,1,749.9,10,5.50,3.85,2,1
diss,aggregate,1,749.9,11,5.08,3.22,2,1
diss,aggregate,1,749.9,12,3.93,2.34,1,1
diss,aggregate,1,749.9,13,3.78,2.38,2,1
diss,aggregate,1,749.9,14,4.62,2.81,2,1
diss,aggregate,1,749.9,15,4.64,3.11,2,1
diss,aggregate,1,749.9,16,6.70,5.16,2,1
diss,aggregate,1,749.9,17,4.46,2.80,2,1
diss,aggregate,1,749.9,18,7.08,5.36,2,1
diss,aggregate,1,749.9,19,9.17,7.41,2,1
diss,aggregate,1,1000,0,12.45,10.61,2,1
diss,aggregate,1,1000,1,8.05,6.35,2,1
diss,aggregate,1,1000,2,4.84,3.20,2,1
diss,aggregate,1,1000,3,8.44,6.62,2,1
diss,aggregate,1,1000,4,4.30,2.69,2,1
diss,aggregate,1,1000,5,4.56,2.93,2,1
diss,aggregate,1,1000,6,7.02,5.35,2,1
diss,aggregate,1,1000,7,6.25,4.44,2,1
diss,aggregate,1,1000,8,4.17,2.49,2,1
diss,aggregate,1,1000,9,8.95,7.21,2,1
diss,aggregate,1,1000,10,4.82,3.09,2,1
diss,aggregate,1,1000,11,5.09,3.20,2,1
diss,aggregate,1,1000,12,4.31,2.82,2,1
diss,aggregate,1,1000,13,9.69,8.27,2,1
diss,aggregate,1,1000,14,4.05,2.64,2,1
diss,aggregate,1,1000,15,4.94,3.26,2,1
diss,aggregate,1,1000,16,4.61,2.97,2,1
diss,aggregate,1,1000,17,6.58,4.91,2,1
diss,aggregate,1,1000,18,7.22,5.51,2,1
diss,aggregate,1,1000,19,7.30,5.84,2,1
diss,aggregate,1,1334,0,4.30,2.67,1,1
diss,aggregate,1,1334,1,4.96,3.39,2,1
diss,aggregate,1,1334,2,4.68,3.11,2,1
diss,aggregate,1,1334,3,4.15,2.77,2,1
diss,aggregate,1,1334,4,5.12,3.57,2,1
diss,aggregate,1,1334,5,5.92,4.28,2,1
diss,aggregate,1,1334,6,7.34,5.54,2,1
diss,aggregate,1,1334,7,4.42,2.99,2,1
diss,aggregate,1,1334,8,4.03,2.54,2,1
diss,aggregate,1,1334,9,4.01,2.56,2,1
diss,aggregate,1,1334,10,5.93,4.56,2,1
diss,aggregate,1,1334,11,8.41,6.77,2,1
diss,aggregate,1,1334,12,3.90,2.49,2,1
diss,aggregate,1,1334,13,6.51,5.10,2,1
diss,aggregate,1,1334,14,4.41,2.92,2,1
diss,aggregate,1,1334,15,7.92,6.15,2,1
diss,aggregate,1,1334,16,5.15,3.50,2,1
diss,aggregate,1,1334,17,4.39,2.96,2,1
diss,aggregate,1,1334,18,4.56,3.11,2,1
diss,aggregate,1,1334,19,3.90,2.49,2,1
diss,aggregate,1,1778,0,4.72,2.82,2,1
diss,aggregate,1,1778,1,4.16,2.67,2,1
diss,aggregate,1,1778,2,4.34,2.54,2,1
diss,aggregate,1,1778,3,4.72,2.83,2,1
diss,aggregate,1,1778,4,5.79,4.36,2,1
diss,aggregate,1,1778,5,7.86,6.34,2,1
diss,aggregate,1,1778,6,4.04,2.36,1,1
diss,aggregate,1,1778,7,4.47,2.70,2,1
diss,aggregate,1,1778,8,6.75,5.16,2,1
diss,aggregate,1,1778,9,5.31,2.67,2,1
diss,aggregate,1,1778,10,6.37,4.89,2,1
diss,aggregate,1,1778,11,4.95,2.99,2,1
diss,aggregate,1,1778,12,4.21,2.61,2,1
diss,aggregate,1,1778,13,6.24,4.72,2,1
diss,aggregate,1,1778,14,4.12,2.69,2,1
diss,aggregate,1,1778,15,6.49,4.60,2,1
diss,aggregate,1,1778,16,4.11,2.68,2,1
diss,aggregate,1,1778,17,3.81,2.41,2,1
diss,aggregate,1,1778,18,4.91,3.43,2,1
diss,aggregate,1,1778,19,4.53,2.94,2,1
diss,aggregate,1,2371,0,13.22,11.64,2,1
diss,aggregate,1,2371,1,8.64,7.09,2,1
diss,aggregate,1,2371,2,7.65,5.48,2,1
diss,aggregate,1,2371,3,9.94,8.29,2,1
diss,aggregate,1,2371,4,4.50,2.82,1,1
diss,aggregate,1,2371,5,8.44,6.67,2,1
diss,aggregate,1,2371,6,4.29,2.71,2,1
diss,aggregate,1,2371,7,3.98,2.58,2,1
diss,aggregate,1,2371,8,6.05,3.78,2,1
diss,aggregate,1,2371,9,8.02,6.14,2,1
diss,aggregate,1,2371,10,8.43,6.78,2,1
diss,aggregate,1,2371,11,7.05,5.42,2,1
diss,aggregate,1,2371,12,4.20,2.58,2,1
diss,aggregate,1,2371,13,4.77,3.01,2,1
diss,aggregate,1,2371,14,7.48,5.34,2,1
diss,aggregate,1,2371,15,5.50,3.60,2,1
diss,aggregate,1,2371,16,5.67,3.72,2,1
diss,aggregate,1,2371,17,6.84,4.86,2,1
diss,aggregate,1,2371,18,4.44,2.54,2,1
diss,aggregate,1,2371,19,4.59,2.61,2,1
diss,aggregate,1,3162,0,5.23,3.25,2,1
diss,aggregate,1,3162,1,9.14,6.63,2,1
diss,aggregate,1,3162,2,5.78,3.74,2,1
diss,aggregate,1,3162,3,4.68,2.74,2,1
diss,aggregate,1,3162,4,4.54,2.86,2,1
diss,aggregate,1,3162,5,6.04,4.37,2,1
diss,aggregate,1,3162,6,4.59,2.78,2,1
diss,aggregate,1,3162,7,4.46,2.73,2,1
diss,aggregate,1,3162,8,7.14,5.33,2,1
diss,aggregate,1,3162,9,4.91,2.70,2,1
diss,aggregate,1,3162,10,5.93,3.81,2,1
diss,aggregate,1,3162,11,4.70,3.00,1,1
diss,aggregate,1,3162,12,4.78,2.95,1,1
diss,aggregate,1,3162,13,5.17,3.39,2,1
diss,aggregate,1,3162,14,4.67,2.82,2,1
diss,aggregate,1,3162,15,4.86,3.14,2,1
diss,aggregate,1,3162,16,4.18,2.73,2,1
diss,aggregate,1,3162,17,3.63,2.10,1,1
diss,aggregate,1,3162,18,4.52,2.93,2,1
diss,aggregate,1,3162,19,4.08,2.69,2,1
diss,aggregate,1,4217,0,3.86,2.47,2,1
diss,aggregate,1,4217,1,7.76,5.61,2,1
diss,aggregate,1,4217,2,5.09,3.30,2,1
diss,aggregate,1,4217,3,4.34,2.37,1,1
diss,aggregate,1,4217,4,7.11,5.36,2,1
diss,aggregate,1,4217,5,4.44,2.70,2,1
diss,aggregate,1,4217,6,7.44,5.50,2,1
diss,aggregate,1,4217,7,5.23,3.24,2,1
diss,aggregate,1,4217,8,7.37,3.09,2,1
diss,aggregate,1,4217,9,4.53,2.58,2,1
diss,aggregate,1,4217,10,5.39,2.86,2,1
diss,aggregate,1,4217,11,8.70,6.73,2,1
diss,aggregate,1,4217,12,4.83,2.77,2,1
diss,aggregate,1,4217,13,5.22,3.11,2,1
diss,aggregate,1,4217,14,5.11,3.15,2,1
diss,aggregate,1,4217,15,7.18,5.33,2,1
diss,aggregate,1,4217,16,4.53,2.68,2,1
diss,aggregate,1,4217,17,4.87,2.87,2,1
diss,aggregate,1,4217,18,9.30,7.99,2,1
diss,aggregate,1,4217,19,5.85,3.60,2,1
diss,aggregate,1,5623,0,8.62,7.10,2,1
diss,aggregate,1,5623,1,12.77,11.41,2,1
diss,aggregate,1,5623,2,4.56,2.73,2,1
diss,aggregate,1,5623,3,5.12,2.91,2,1
diss,aggregate,1,5623,4,7.67,5.34,2,1
diss,aggregate,1,5623,5,5.16,3.16,2,1
diss,aggregate,1,5623,6,5.04,3.09,2,1
diss,aggregate,1,5623,7,4.65,2.79,2,1
diss,aggregate,1,5623,8,4.79,2.96,2,1
diss,aggregate,1,5623,9,5.19,3.36,2,1
diss,aggregate,1,5623,10,7.20,5.19,2,1
diss,aggregate,1,5623,11,5.17,3.12,2,1
diss,aggregate,1,5623,12,4.80,3.04,2,1
diss,aggregate,1,5623,13,4.63,2.61,2,1
diss,aggregate,1,5623,14,7.37,5.08,2,1
diss,aggregate,1,5623,15,5.39,3.49,2,1
diss,aggregate,1,5623,16,4.47,2.42,2,1
diss,aggregate,1,5623,17,4.05,2.20,2,1
diss,aggregate,1,5623,18,4.88,3.09,2,1
diss,aggregate,1,5623,19,4.28,2.31,2,1
diss,aggregate,6,1,0,6.39,4.03,6,6
diss,aggregate,6,1,1,7.48,5.33,6,6
diss,aggregate,6,1,2,6.50,4.61,6,6
diss,aggregate,6,1,3,8.04,6.47,6,6
diss,aggregate,6,1,4,6.02,4.30,6,6
diss,aggregate,6,1,5,6.07,4.20,6,6
diss,aggregate,6,1,6,9.44,7.68,6,6
diss,aggregate,6,1,7,6.45,4.16,6,6
diss,aggregate,6,1,8,7.70,5.98,6,6
diss,aggregate,6,1,9,8.37,6.34,6,6
diss,aggregate,6,1,10,7.24,4.45,7,6
diss,aggregate,6,1,11,6.40,4.54,6,6
diss,aggregate,6,1,12,6.45,4.61,6,6
diss,aggregate,6,1,13,6.02,3.78,6,6
diss,aggregate,6,1,14,5.90,3.92,6,6
diss,aggregate,6,1,15,6.51,4.20,6,6
diss,aggregate,6,1,16,6.43,4.02,6,6
diss,aggregate,6,1,17,8.77,6.59,6,6
diss,aggregate,6,1,18,6.51,3.79,6,6
diss,aggregate,6,1,19,6.57,4.35,6,6
diss,aggregate,6,1.334,0,6.36,4.08,6,6
diss,aggregate,6,1.334,1,9.73,7.91,6,6
diss,aggregate,6,1.334,2,9.32,6.88,6,6
diss,aggregate,6,1.334,3,5.79,3.70,6,6
diss,aggregate,6,1.334,4,6.23,3.99,6,6
diss,aggregate,6,1.334,5,8.67,6.67,6,6
diss,aggregate,6,1.334,6,6.65,4.37,6,6
diss,aggregate,6,1.334,7,6.09,3.99,6,6
diss,aggregate,6,1.334,8,7.11,4.96,6,6
diss,aggregate,6,1.334,9,2.10,0.21,0,6
diss,aggregate,6,1.334,10,9.55,6.97,6,6
diss,aggregate,6,1.334,11,5.85,3.97,6,6
diss,aggregate,6,1.334,12,8.45,6.72,6,6
diss,aggregate,6,1.334,13,9.84,7.85,6,6
diss,aggregate,6,1.334,14,6.98,3.74,6,6
diss,aggregate,6,1.334,15,8.36,6.53,6,6
diss,aggregate,6,1.334,16,9.89,7.67,6,6
diss,aggregate,6,1.334,17,12.56,10.64,6,6
diss,aggregate,6,1.334,18,7.33,5.37,6,6
diss,aggregate,6,1.334,19,6.43,4.14,6,6
diss,aggregate,6,1.778,0,8.35,5.85,6,6
diss,aggregate,6,1.778,1,6.70,4.40,6,6
diss,aggregate,6,1.778,2,6.72,4.68,6,6
diss,aggregate,6,1.778,3,9.88,6.17,6,6
diss,aggregate,6,1.778,4,9.04,5.56,6,6
diss,aggregate,6,1.778,5,11.47,6.85,6,6
diss,aggregate,6,1.778,6,7.70,4.53,6,6
diss,aggregate,6,1.778,7,9.48,6.62,6,6
diss,aggregate,6,1.778,8,7.89,5.03,6,6
diss,aggregate,6,1.778,9,6.84,4.85,6,6
diss,aggregate,6,1.778,10,9.32,6.36,6,6
diss,aggregate,6,1.778,11,6.03,4.67,6,6
diss,aggregate,6,1.778,12,10.39,5.04,6,6
diss,aggregate,6,1.778,13,8.99,6.77,6,6
diss,aggregate,6,1.778,14,6.59,4.35,6,6
diss,aggregate,6,1.778,15,13.42,7.59,6,6
diss,aggregate,6,1.778,16,8.86,4.73,6,6
diss,aggregate,6,1.778,17,9.50,6.93,6,6
diss,aggregate,6,1.778,18,11.18,8.12,6,6
diss,aggregate,6,1.778,19,7.74,4.36,6,6
diss,aggregate,6,2.371,0,7.32,4.97,6,6
diss,aggregate,6,2.371,1,7.06,4.71,6,6
diss,aggregate,6,2.371,2,6.71,4.32,6,6
diss,aggregate,6,2.371,3,8.68,6.33,6,6
diss,aggregate,6,2.371,4,6.78,4.38,6,6
diss,aggregate,6,2.371,5,7.04,4.74,6,6
diss,aggregate,6,2.371,6,7.45,5.60,6,6
diss,aggregate,6,2.371,7,7.20,4.60,6,6
diss,aggregate,6,2.371,8,10.17,8.13,6,6
diss,aggregate,6,2.371,9,9.01,6.96,6,6
diss,aggregate,6,2.371,10,6.72,4.26,6,6
diss,aggregate,6,2.371,11,7.69,5.07,6,6
diss,aggregate,6,2.371,12,6.90,4.23,6,6
diss,aggregate,6,2.371,13,7.00,4.82,6,6
diss,aggregate,6,2.371,14,6.45,4.24,6,6
diss,aggregate,6,2.371,15,7.52,4.48,6,6
diss,aggregate,6,2.371,16,6.76,4.05,6,6
diss,aggregate,6,2.371,17,7.12,4.44,6,6
diss,aggregate,6,2.371,18,6.93,4.13,6,6
diss,aggregate,6,2.371,19,7.63,4.93,6,6
diss,aggregate,6,3.162,0,7.15,5.10,6,6
diss,aggregate,6,3.162,1,7.37,4.27,6,6
diss,aggregate,6,3.162,2,7.86,4.19,6,6
diss,aggregate,6,3.162,3,6.52,4.17,6,6
diss,aggregate,6,3.162,4,9.27,6.76,6,6
diss,aggregate,6,3.162,5,10.04,8.13,6,6
diss,aggregate,6,3.162,6,15.20,12.71,6,6
diss,aggregate,6,3.162,7,13.24,10.58,6,6
diss,aggregate,6,3.162,8,10.93,8.62,6,6
diss,aggregate,6,3.162,9,14.94,12.35,6,6
diss,aggregate,6,3.162,10,7.26,4.96,6,6
diss,aggregate,6,3.162,11,6.94,4.60,6,6
diss,aggregate,6,3.162,12,8.93,5.71,6,6
diss,aggregate,6,3.162,13,7.24,4.82,6,6
diss,aggregate,6,3.162,14,9.76,8.00,6,6
diss,aggregate,6,3.162,15,9.16,6.95,6,6
diss,aggregate,6,3.162,16,7.06,4.80,6,6
diss,aggregate,6,3.162,17,6.62,3.98,6,6
diss,aggregate,6,3.162,18,7.94,5.42,6,6
diss,aggregate,6,3.162,19,7.42,5.06,6,6
diss,aggregate,6,4.217,0,6.86,4.61,6,6
diss,aggregate,6,4.217,1,6.52,4.58,6,6
diss,aggregate,6,4.217,2,6.37,4.24,6,6
diss,aggregate,6,4.217,3,7.37,5.13,6,6
diss,aggregate,6,4.217,4,6.79,4.48,6,6
diss,aggregate,6,4.217,5,7.82,4.70,6,6
diss,aggregate,6,4.217,6,7.59,5.47,6,6
diss,aggregate,6,4.217,7,7.59,4.36,6,6
diss,aggregate,6,4.217,8,8.34,5.16,6,6
diss,aggregate,6,4.217,9,7.11,4.79,6,6
diss,aggregate,6,4.217,10,7.66,5.30,6,6
diss,aggregate,6,4.217,11,6.61,4.45,6,6
diss,aggregate,6,4.217,12,7.09,4.43,6,6
diss,aggregate,6,4.217,13,9.78,7.63,6,6
diss,aggregate,6,4.217,14,7.09,4.96,6,6
diss,aggregate,6,4.217,15,7.32,5.63,6,6
diss,aggregate,6,4.217,16,6.72,5.11,6,6
diss,aggregate,6,4.217,17,6.40,4.46,6,6
diss,aggregate,6,4.217,18,6.34,4.12,6,6
diss,aggregate,6,4.217,19,9.27,6.37,6,6
diss,aggregate,6,5.623,0,6.73,4.42,6,6
diss,aggregate,6,5.623,1,6.74,4.12,6,6
diss,aggregate,6,5.623,2,6.88,4.62,6,6
diss,aggregate,6,5.623,3,7.08,4.48,6,6
diss,aggregate,6,5.623,4,6.49,4.31,6,6
diss,aggregate,6,5.623,5,7.16,4.81,6,6
diss,aggregate,6,5.623,6,7.58,5.34,6,6
diss,aggregate,6,5.623,7,7.54,4.91,6,6
diss,aggregate,6,5.623,8,7.98,4.52,6,6
diss,aggregate,6,5.623,9,7.93,5.53,7,6
diss,aggregate,6,5.623,10,7.43,4.37,6,6
diss,aggregate,6,5.623,11,8.14,6.15,6,6
diss,aggregate,6,5.623,12,7.02,4.85,6,6
diss,aggregate,6,5.623,13,8.76,6.41,6,6
diss,aggregate,6,5.623,14,7.18,5.45,6,6
diss,aggregate,6,5.623,15,10.41,7.29,6,6
diss,aggregate,6,5.623,16,14.23,11.43,6,6
diss,aggregate,6,5.623,17,11.76,9.19,6,6
diss,aggregate,6,5.623,18,15.67,10.32,6,6
diss,aggregate,6,5.623,19,7.51,5.69,6,6
diss,aggregate,6,7.499,0,8.34,4.29,6,6
diss,aggregate,6,7.499,1,6.78,4.48,6,6
diss,aggregate,6,7.499,2,7.23,4.50,6,6
diss,aggregate,6,7.499,3,9.75,6.93,6,6
diss,aggregate,6,7.499,4,7.03,4.57,6,6
diss,aggregate,6,7.499,5,6.37,4.09,6,6
diss,aggregate,6,7.499,6,7.91,5.33,6,6
diss,aggregate,6,7.499,7,8.17,5.56,7,6
diss,aggregate,6,7.499,8,7.22,4.86,6,6
diss,aggregate,6,7.499,9,6.37,4.50,6,6
diss,aggregate,6,7.499,10,6.81,4.28,6,6
diss,aggregate,6,7.499,11,8.37,4.98,6,6
diss,aggregate,6,7.499,12,8.35,6.22,6,6
diss,aggregate,6,7.499,13,7.34,5.61,6,6
diss,aggregate,6,7.499,14,7.54,5.15,6,6
diss,aggregate,6,7.499,15,8.26,6.00,6,6
diss,aggregate,6,7.499,16,7.32,3.91,6,6
diss,aggregate,6,7.499,17,5.82,4.13,6,6
diss,aggregate,6,7.499,18,8.29,5.87,6,6
diss,aggregate,6,7.499,19,6.32,4.30,6,6
diss,aggregate,6,10,0,6.94,4.53,6,6
diss,aggregate,6,10,1,7.87,6.01,6,6
diss,aggregate,6,10,2,7.19,5.03,6,6
diss,aggregate,6,10,3,10.32,7.23,6,6
diss,aggregate,6,10,4,8.62,6.47,6,6
diss,aggregate,6,10,5,7.23,4.95,6,6
diss,aggregate,6,10,6,11.57,8.23,6,6
diss,aggregate,6,10,7,22.15,15.31,6,6
diss,aggregate,6,10,8,12.47,7.49,6,6
diss,aggregate,6,10,9,15.09,10.23,6,6
diss,aggregate,6,10,10,16.31,12.06,6,6
diss,aggregate,6,10,11,10.93,6.50,6,6
diss,aggregate,6,10,12,10.05,6.69,6,6
diss,aggregate,6,10,13,9.23,5.45,6,6
diss,aggregate,6,10,14,8.74,6.46,6,6
diss,aggregate,6,10,15,8.06,6.05,6,6
diss,aggregate,6,10,16,7.44,4.23,6,6
diss,aggregate,6,10,17,6.58,4.28,6,6
diss,aggregate,6,10,18,7.42,4.52,6,6
diss,aggregate,6,10,19,8.08,6.09,6,6
diss,aggregate,6,13.34,0,14.22,11.80,6,6
diss,aggregate,6,13.34,1,11.79,9.44,7,6
diss,aggregate,6,13.34,2,11.81,9.78,6,6
diss,aggregate,6,13.34,3,10.16,7.45,8,6
diss,aggregate,6,13.34,4,9.80,7.66,6,6
diss,aggregate,6,13.34,5,8.64,5.76,6,6
diss,aggregate,6,13.34,6,8.77,5.25,6,6
diss,aggregate,6,13.34,7,7.27,4.72,6,6
diss,aggregate,6,13.34,8,7.54,5.04,6,6
diss,aggregate,6,13.34,9,7.23,4.81,6,6
diss,aggregate,6,13.34,10,7.81,4.28,6,6
diss,aggregate,6,13.34,11,6.92,4.40,6,6
diss,aggregate,6,13.34,12,6.60,4.46,6,6
diss,aggregate,6,13.34,13,8.38,5.50,6,6
diss,aggregate,6,13.34,14,7.78,5.42,6,6
diss,aggregate,6,13.34,15,6.81,4.59,6,6
diss,aggregate,6,13.34,16,8.77,6.68,6,6
diss,aggregate,6,13.34,17,11.53,9.67,6,6
diss,aggregate,6,13.34,18,7.09,4.81,6,6
diss,aggregate,6,13.34,19,7.33,5.64,6,6
diss,aggregate,6,17.78,0,7.08,4.88,6,6
diss,aggregate,6,17.78,1,8.69,6.79,6,6
diss,aggregate,6,17.78,2,8.93,6.66,6,6
diss,aggregate,6,17.78,3,6.57,4.08,6,6
diss,aggregate,6,17.78,4,6.88,4.43,6,6
diss,aggregate,6,17.78,5,6.22,4.53,6,6
diss,aggregate,6,17.78,6,9.99,7.59,6,6
diss,aggregate,6,17.78,7,7.99,5.53,6,6
diss,aggregate,6,17.78,8,6.91,5.15,6,6
diss,aggregate,6,17.78,9,6.42,4.40,6,6
diss,aggregate,6,17.78,10,7.58,5.52,6,6
diss,aggregate,6,17.78,11,8.71,6.39,6,6
diss,aggregate,6,17.78,12,8.00,5.17,6,6
diss,aggregate,6,17.78,13,7.11,4.82,6,6
diss,aggregate,6,17.78,14,8.78,5.38,6,6
diss,aggregate,6,17.78,15,7.56,4.93,6,6
diss,aggregate,6,17.78,16,7.46,4.38,6,6
diss,aggregate,6,17.78,17,7.32,4.89,6,6
diss,aggregate,6,17.78,18,6.64,4.57,6,6
diss,aggregate,6,17.78,19,7.80,4.63,6,6
diss,aggregate,6,23.71,0,7.52,5.22,6,6
diss,aggregate,6,23.71,1,6.60,3.90,6,6
diss,aggregate,6,23.71,2,6.62,4.41,6,6
diss,aggregate,6,23.71,3,9.87,8.39,6,6
diss,aggregate,6,23.71,4,5.71,3.38,6,6
diss,aggregate,6,23.71,5,6.31,4.19,6,6
diss,aggregate,6,23.71,6,7.71,5.58,6,6
diss,aggregate,6,23.71,7,6.30,4.32,6,6
diss,aggregate,6,23.71,8,7.92,6.19,6,6
diss,aggregate,6,23.71,9,6.39,4.02,6,6
diss,aggregate,6,23.71,10,10.34,8.40,7,6
diss,aggregate,6,23.71,11,10.92,9.60,6,6
diss,aggregate,6,23.71,12,13.65,11.92,6,6
diss,aggregate,6,23.71,13,12.85,10.42,6,6
diss,aggregate,6,23.71,14,7.29,4.61,6,6
diss,aggregate,6,23.71,15,8.30,5.78,6,6
diss,aggregate,6,23.71,16,6.31,3.98,6,6
diss,aggregate,6,23.71,17,6.13,4.51,6,6
diss,aggregate,6,23.71,18,9.19,7.24,6,6
diss,aggregate,6,23.71,19,6.22,4.47,6,6
diss,aggregate,6,31.62,0,9.49,7.85,12,6
diss,aggregate,6,31.62,1,9.35,7.65,12,6
diss,aggregate,6,31.62,2,9.12,7.10,12,6
diss,aggregate,6,31.62,3,10.88,9.48,12,6
diss,aggregate,6,31.62,4,10.07,7.61,12,6
diss,aggregate,6,31.62,5,10.57,7.93,12,6
diss,aggregate,6,31.62,6,10.16,8.01,12,6
diss,aggregate,6,31.62,7,9.71,7.30,12,6
diss,aggregate,6,31.62,8,9.27,6.94,12,6
diss,aggregate,6,31.62,9,11.09,9.13,12,6
diss,aggregate,6,31.62,10,9.51,7.30,12,6
diss,aggregate,6,31.62,11,9.72,8.23,12,6
diss,aggregate,6,31.62,12,9.72,7.19,12,6
diss,aggregate,6,31.62,13,9.94,8.28,12,6
diss,aggregate,6,31.62,14,12.91,9.97,12,6
diss,aggregate,6,31.62,15,9.44,7.71,12,6
diss,aggregate,6,31.62,16,10.78,7.44,12,6
diss,aggregate,6,31.62,17,9.85,7.66,12,6
diss,aggregate,6,31.62,18,9.00,7.33,12,6
diss,aggregate,6,31.62,19,13.21,11.59,12,6
diss,aggregate,6,42.17,0,9.79,7.69,12,6
diss,aggregate,6,42.17,1,9.58,7.96,12,6
diss,aggregate,6,42.17,2,11.59,10.01,12,6
diss,aggregate,6,42.17,3,9.15,7.60,12,6
diss,aggregate,6,42.17,4,10.72,9.25,12,6
diss,aggregate,6,42.17,5,10.07,8.28,12,6
diss,aggregate,6,42.17,6,9.98,8.36,12,6
diss,aggregate,6,42.17,7,9.28,7.55,12,6
diss,aggregate,6,42.17,8,9.74,7.99,12,6
diss,aggregate,6,42.17,9,10.11,7.98,12,6
diss,aggregate,6,42.17,10,9.38,7.60,12,6
diss,aggregate,6,42.17,11,9.20,7.54,12,6
diss,aggregate,6,42.17,12,9.62,8.05,12,6
diss,aggregate,6,42.17,13,9.83,8.04,12,6
diss,aggregate,6,42.17,14,12.75,10.14,12,6
diss,aggregate,6,42.17,15,10.16,7.53,12,6
diss,aggregate,6,42.17,16,6.56,4.68,6,6
diss,aggregate,6,42.17,17,10.43,8.83,12,6
diss,aggregate,6,42.17,18,9.72,7.92,12,6
diss,aggregate,6,42.17,19,12.99,10.11,12,6
diss,aggregate,6,56.23,0,8.82,7.39,12,6
diss,aggregate,6,56.23,1,15.20,12.49,12,6
diss,aggregate,6,56.23,2,18.68,16.20,12,6
diss,aggregate,6,56.23,3,11.91,10.10,12,6
diss,aggregate,6,56.23,4,10.16,8.18,12,6
diss,aggregate,6,56.23,5,9.72,7.09,12,6
diss,aggregate,6,56.23,6,9.62,8.09,12,6
diss,aggregate,6,56.23,7,9.92,7.87,12,6
diss,aggregate,6,56.23,8,9.36,7.57,12,6
diss,aggregate,6,56.23,9,9.89,8.12,12,6
diss,aggregate,6,56.23,10,9.25,7.29,12,6
diss,aggregate,6,56.23,11,8.76,7.01,12,6
diss,aggregate,6,56.23,12,8.43,6.51,12,6
diss,aggregate,6,56.23,13,10.04,8.04,12,6
diss,aggregate,6,56.23,14,9.72,7.85,12,6
diss,aggregate,6,56.23,15,10.26,8.16,12,6
diss,aggregate,6,56.23,16,9.67,7.97,12,6
diss,aggregate,6,56.23,17,9.06,7.16,12,6
diss,aggregate,6,56.23,18,9.60,7.95,12,6
diss,aggregate,6,56.23,19,9.86,7.67,12,6
diss,aggregate,6,74.99,0,12.36,9.98,12,6
diss,aggregate,6,74.99,1,6.46,4.84,6,6
diss,aggregate,6,74.99,2,9.92,8.14,12,6
diss,aggregate,6,74.99,3,9.51,7.56,12,6
diss,aggregate,6,74.99,4,10.31,8.88,12,6
diss,aggregate,6,74.99,5,9.33,7.66,12,6
diss,aggregate,6,74.99,6,9.64,8.08,12,6
diss,aggregate,6,74.99,7,10.58,8.80,12,6
diss,aggregate,6,74.99,8,11.66,9.60,12,6
diss,aggregate,6,74.99,9,9.44,7.90,12,6
diss,aggregate,6,74.99,10,10.09,8.22,12,6
diss,aggregate,6,74.99,11,9.38,7.35,12,6
diss,aggregate,6,74.99,12,9.50,7.08,12,6
diss,aggregate,6,74.99,13,13.89,11.71,12,6
diss,aggregate,6,74.99,14,8.85,7.21,12,6
diss,aggregate,6,74.99,15,8.77,6.72,12,6
diss,aggregate,6,74.99,16,9.98,8.01,12,6
diss,aggregate,6,74.99,17,9.86,8.45,12,6
diss,aggregate,6,74.99,18,12.83,10.50,12,6
diss,aggregate,6,74.99,19,9.59,7.77,12,6
diss,aggregate,6,100,0,9.53,7.54,12,6
diss,aggregate,6,100,1,10.08,8.16,12,6
diss,aggregate,6,100,2,10.12,8.26,12,6
diss,aggregate,6,100,3,9.91,7.70,12,6
diss,aggregate,6,100,4,10.63,8.38,12,6
diss,aggregate,6,100,5,8.60,7.19,12,6
diss,aggregate,6,100,6,9.81,7.67,12,6
diss,aggregate,6,100,7,10.42,7.98,12,6
diss,aggregate,6,100,8,11.88,9.52,12,6
diss,aggregate,6,100,9,9.88,7.34,12,6
diss,aggregate,6,100,10,15.13,12.67,12,6
diss,aggregate,6,100,11,14.99,13.17,12,6
diss,aggregate,6,100,12,15.81,12.69,12,6
diss,aggregate,6,100,13,13.92,6.95,12,6
diss,aggregate,6,100,14,10.66,8.22,12,6
diss,aggregate,6,100,15,10.21,8.05,12,6
diss,aggregate,6,100,16,9.64,7.34,12,6
diss,aggregate,6,100,17,10.70,8.99,12,6
diss,aggregate,6,100,18,10.52,9.14,12,6
diss,aggregate,6,100,19,10.78,8.91,12,6
diss,aggregate,6,133.4,0,9.55,7.50,12,6
diss,aggregate,6,133.4,1,9.23,7.57,12,6
diss,aggregate,6,133.4,2,10.22,8.49,12,6
diss,aggregate,6,133.4,3,9.66,7.34,12,6
diss,aggregate,6,133.4,4,10.25,8.64,12,6
diss,aggregate,6,133.4,5,9.83,8.07,12,6
diss,aggregate,6,133.4,6,8.83,7.10,12,6
diss,aggregate,6,133.4,7,13.61,11.51,12,6
diss,aggregate,6,133.4,8,10.37,8.65,12,6
diss,aggregate,6,133.4,9,10.14,8.27,12,6
diss,aggregate,6,133.4,10,9.13,7.38,12,6
diss,aggregate,6,133.4,11,9.74,8.09,12,6
diss,aggregate,6,133.4,12,9.67,8.16,12,6
diss,aggregate,6,133.4,13,10.03,8.04,12,6
diss,aggregate,6,133.4,14,9.48,7.39,12,6
diss,aggregate,6,133.4,15,9.14,7.40,12,6
diss,aggregate,6,133.4,16,6.35,4.10,6,6
diss,aggregate,6,133.4,17,8.71,7.04,12,6
diss,aggregate,6,133.4,18,11.03,9.03,12,6
diss,aggregate,6,133.4,19,10.63,7.67,12,6
diss,aggregate,6,177.8,0,10.83,8.42,12,6
diss,aggregate,6,177.8,1,10.19,7.55,12,6
diss,aggregate,6,177.8,2,9.38,7.24,12,6
diss,aggregate,6,177.8,3,9.82,7.93,12,6
diss,aggregate,6,177.8,4,10.54,8.86,12,6
diss,aggregate,6,177.8,5,9.11,7.50,12,6
diss,aggregate,6,177.8,6,9.64,7.61,12,6
diss,aggregate,6,177.8,7,10.02,8.36,12,6
diss,aggregate,6,177.8,8,10.61,7.64,12,6
diss,aggregate,6,177.8,9,9.92,7.75,12,6
diss,aggregate,6,177.8,10,9.87,7.31,12,6
diss,aggregate,6,177.8,11,9.86,7.98,12,6
diss,aggregate,6,177.8,12,9.99,8.05,12,6
diss,aggregate,6,177.8,13,6.48,4.61,6,6
diss,aggregate,6,177.8,14,8.39,6.79,12,6
diss,aggregate,6,177.8,15,10.04,7.97,12,6
diss,aggregate,6,177.8,16,10.38,8.35,12,6
diss,aggregate,6,177.8,17,11.25,9.32,12,6
diss,aggregate,6,177.8,18,15.62,12.82,12,6
diss,aggregate,6,177.8,19,18.34,16.58,12,6
diss,aggregate,6,237.1,0,18.20,15.85,12,6
diss,aggregate,6,237.1,1,13.11,10.75,12,6
diss,aggregate,6,237.1,2,10.51,8.60,12,6
diss,aggregate,6,237.1,3,6.18,4.07,6,6
diss,aggregate,6,237.1,4,9.60,7.72,12,6
diss,aggregate,6,237.1,5,11.00,8.89,12,6
diss,aggregate,6,237.1,6,10.17,8.05,12,6
diss,aggregate,6,237.1,7,9.28,7.10,12,6
diss,aggregate,6,237.1,8,9.60,7.51,12,6
diss,aggregate,6,237.1,9,9.01,7.65,12,6
diss,aggregate,6,237.1,10,9.17,7.98,12,6
diss,aggregate,6,237.1,11,10.29,8.58,12,6
diss,aggregate,6,237.1,12,9.56,7.98,12,6
diss,aggregate,6,237.1,13,9.62,7.55,12,6
diss,aggregate,6,237.1,14,10.12,8.36,12,6
diss,aggregate,6,237.1,15,10.37,8.53,12,6
diss,aggregate,6,237.1,16,9.85,7.89,12,6
diss,aggregate,6,237.1,17,10.24,8.48,12,6
diss,aggregate,6,237.1,18,9.75,8.23,12,6
diss,aggregate,6,237.1,19,9.23,7.41,12,6
diss,aggregate,6,316.2,0,9.34,7.68,12,6
diss,aggregate,6,316.2,1,9.87,7.19,12,6
diss,aggregate,6,316.2,2,11.34,8.73,12,6
diss,aggregate,6,316.2,3,9.77,7.86,12,6
diss,aggregate,6,316.2,4,10.38,8.15,12,6
diss,aggregate,6,316.2,5,9.74,7.82,12,6
diss,aggregate,6,316.2,6,9.64,8.06,12,6
diss,aggregate,6,316.2,7,9.90,8.10,12,6
diss,aggregate,6,316.2,8,10.71,8.82,12,6
diss,aggregate,6,316.2,9,9.56,7.55,12,6
diss,aggregate,6,316.2,10,11.16,8.98,12,6
diss,aggregate,6,316.2,11,9.49,7.76,12,6
diss,aggregate,6,316.2,12,9.31,7.55,12,6
diss,aggregate,6,316.2,13,10.14,7.60,12,6
diss,aggregate,6,316.2,14,10.15,8.55,12,6
diss,aggregate,6,316.2,15,12.80,10.46,12,6
diss,aggregate,6,316.2,16,9.48,7.39,12,6
diss,aggregate,6,316.2,17,9.36,7.24,12,6
diss,aggregate,6,316.2,18,10.17,8.51,12,6
diss,aggregate,6,316.2,19,8.79,7.06,12,6
diss,aggregate,6,421.7,0,12.11,10.14,12,6
diss,aggregate,6,421.7,1,9.49,7.76,12,6
diss,aggregate,6,421.7,2,8.71,6.73,12,6
diss,aggregate,6,421.7,3,10.15,8.26,12,6
diss,aggregate,6,421.7,4,6.07,3.85,6,6
diss,aggregate,6,421.7,5,9.39,7.50,12,6
diss,aggregate,6,421.7,6,9.75,8.21,12,6
diss,aggregate,6,421.7,7,18.23,14.96,12,6
diss,aggregate,6,421.7,8,12.63,10.73,6,6
diss,aggregate,6,421.7,9,16.00,13.72,12,6
diss,aggregate,6,421.7,10,10.33,8.74,12,6
diss,aggregate,6,421.7,11,12.68,10.65,12,6
diss,aggregate,6,421.7,12,6.05,3.93,6,6
diss,aggregate,6,421.7,13,9.64,7.74,12,6
diss,aggregate,6,421.7,14,12.98,10.97,12,6
diss,aggregate,6,421.7,15,9.53,7.66,12,6
diss,aggregate,6,421.7,16,10.51,8.36,12,6
diss,aggregate,6,421.7,17,10.41,8.54,12,6
diss,aggregate,6,421.7,18,10.99,8.49,12,6
diss,aggregate,6,421.7,19,14.50,8.93,12,6
diss,aggregate,6,562.3,0,10.23,8.64,12,6
diss,aggregate,6,562.3,1,10.58,8.38,12,6
diss,aggregate,6,562.3,2,9.20,7.01,12,6
diss,aggregate,6,562.3,3,10.29,8.12,12,6
diss,aggregate,6,562.3,4,11.34,9.25,12,6
diss,aggregate,6,562.3,5,10.04,8.00,12,6
diss,aggregate,6,562.3,6,9.13,7.40,12,6
diss,aggregate,6,562.3,7,9.16,7.46,12,6
diss,aggregate,6,562.3,8,6.54,4.08,6,6
diss,aggregate,6,562.3,9,9.80,7.70,12,6
diss,aggregate,6,562.3,10,9.65,8.05,12,6
diss,aggregate,6,562.3,11,10.62,8.52,12,6
diss,aggregate,6,562.3,12,10.97,9.09,12,6
diss,aggregate,6,562.3,13,9.46,8.11,12,6
diss,aggregate,6,562.3,14,12.72,10.24,12,6
diss,aggregate,6,562.3,15,6.22,4.13,6,6
diss,aggregate,6,562.3,16,10.27,8.21,12,6
diss,aggregate,6,562.3,17,10.17,8.46,12,6
diss,aggregate,6,562.3,18,10.13,7.85,12,6
diss,aggregate,6,562.3,19,9.48,7.62,12,6
diss,aggregate,6,749.9,0,9.87,7.96,12,6
diss,aggregate,6,749.9,1,9.34,7.76,12,6
diss,aggregate,6,749.9,2,10.27,8.13,12,6
diss,aggregate,6,749.9,3,9.52,7.50,12,6
diss,aggregate,6,749.9,4,10.28,8.14,12,6
diss,aggregate,6,749.9,5,10.26,8.09,12,6
diss,aggregate,6,749.9,6,9.24,7.24,12,6
diss,aggregate,6,749.9,7,9.78,7.72,12,6
diss,aggregate,6,749.9,8,9.58,7.98,12,6
diss,aggregate,6,749.9,9,10.12,8.13,12,6
diss,aggregate,6,749.9,10,9.36,7.30,12,6
diss,aggregate,6,749.9,11,10.09,8.37,12,6
diss,aggregate,6,749.9,12,9.80,7.84,12,6
diss,aggregate,6,749.9,13,9.76,7.44,12,6
diss,aggregate,6,749.9,14,9.40,7.69,12,6
diss,aggregate,6,749.9,15,17.96,15.23,12,6
diss,aggregate,6,749.9,16,14.62,12.14,12,6
diss,aggregate,6,749.9,17,14.71,12.16,12,6
diss,aggregate,6,749.9,18,10.67,8.64,12,6
diss,aggregate,6,749.9,19,6.76,4.22,6,6
diss,aggregate,6,1000,0,10.34,8.18,12,6
diss,aggregate,6,1000,1,10.13,8.20,12,6
diss,aggregate,6,1000,2,10.75,8.62,12,6
diss,aggregate,6,1000,3,10.01,8.07,12,6
diss,aggregate,6,1000,4,9.21,7.35,12,6
diss,aggregate,6,1000,5,9.46,7.35,12,6
diss,aggregate,6,1000,6,10.08,8.28,12,6
diss,aggregate,6,1000,7,10.43,8.87,12,6
diss,aggregate,6,1000,8,10.00,8.28,12,6
diss,aggregate,6,1000,9,9.75,7.96,12,6
diss,aggregate,6,1000,10,10.76,9.01,12,6
diss,aggregate,6,1000,11,9.37,7.30,12,6
diss,aggregate,6,1000,12,14.12,12.25,12,6
diss,aggregate,6,1000,13,6.10,3.79,6,6
diss,aggregate,6,1000,14,9.48,7.70,12,6
diss,aggregate,6,1000,15,9.12,7.18,12,6
diss,aggregate,6,1000,16,11.04,8.98,12,6
diss,aggregate,6,1000,17,12.97,11.09,12,6
diss,aggregate,6,1000,18,9.21,7.71,12,6
diss,aggregate,6,1000,19,9.30,7.61,12,6
diss,aggregate,6,1334,0,9.65,7.99,12,6
diss,aggregate,6,1334,1,5.95,4.14,6,6
diss,aggregate,6,1334,2,10.54,8.84,12,6
diss,aggregate,6,1334,3,9.86,8.13,12,6
diss,aggregate,6,1334,4,6.04,4.54,6,6
diss,aggregate,6,1334,5,10.45,8.67,12,6
diss,aggregate,6,1334,6,10.04,8.35,12,6
diss,aggregate,6,1334,7,9.66,8.11,12,6
diss,aggregate,6,1334,8,9.76,8.13,12,6
diss,aggregate,6,1334,9,10.04,8.06,12,6
diss,aggregate,6,1334,10,10.80,7.64,12,6
diss,aggregate,6,1334,11,10.31,8.64,12,6
diss,aggregate,6,1334,12,9.48,7.51,12,6
diss,aggregate,6,1334,13,10.08,8.42,12,6
diss,aggregate,6,1334,14,6.01,3.88,6,6
diss,aggregate,6,1334,15,9.89,8.02,12,6
diss,aggregate,6,1334,16,9.27,7.65,12,6
diss,aggregate,6,1334,17,10.09,7.83,12,6
diss,aggregate,6,1334,18,12.52,10.12,12,6
diss,aggregate,6,1334,19,9.63,7.91,12,6
diss,aggregate,6,1778,0,6.63,4.94,6,6
diss,aggregate,6,1778,1,10.39,8.53,12,6
diss,aggregate,6,1778,2,11.11,8.86,12,6
diss,aggregate,6,1778,3,11.12,9.09,12,6
diss,aggregate,6,1778,4,12.70,10.93,12,6
diss,aggregate,6,1778,5,15.61,12.76,12,6
diss,aggregate,6,1778,6,15.76,13.92,12,6
diss,aggregate,6,1778,7,19.36,15.54,12,6
diss,aggregate,6,1778,8,11.62,9.23,12,6
diss,aggregate,6,1778,9,10.37,7.90,12,6
diss,aggregate,6,1778,10,10.35,8.24,12,6
diss,aggregate,6,1778,11,10.26,8.35,12,6
diss,aggregate,6,1778,12,13.04,7.02,12,6
diss,aggregate,6,1778,13,10.29,8.23,12,6
diss,aggregate,6,1778,14,10.72,8.64,12,6
diss,aggregate,6,1778,15,10.60,8.91,12,6
diss,aggregate,6,1778,16,9.89,7.81,12,6
diss,aggregate,6,1778,17,10.78,8.87,12,6
diss,aggregate,6,1778,18,9.91,7.52,12,6
diss,aggregate,6,1778,19,10.10,8.12,12,6
diss,aggregate,6,2371,0,10.45,8.49,12,6
diss,aggregate,6,2371,1,10.56,8.53,12,6
diss,aggregate,6,2371,2,9.61,7.49,12,6
diss,aggregate,6,2371,3,10.60,8.15,12,6
diss,aggregate,6,2371,4,13.96,11.47,12,6
diss,aggregate,6,2371,5,10.04,7.63,12,6
diss,aggregate,6,2371,6,10.60,8.66,12,6
diss,aggregate,6,2371,7,10.20,7.63,12,6
diss,aggregate,6,2371,8,10.27,7.40,12,6
diss,aggregate,6,2371,9,11.50,9.69,12,6
diss,aggregate,6,2371,10,10.59,8.15,12,6
diss,aggregate,6,2371,11,11.79,8.81,12,6
diss,aggregate,6,2371,12,11.15,8.31,12,6
diss,aggregate,6,2371,13,11.54,9.28,12,6
diss,aggregate,6,2371,14,10.48,8.36,12,6
diss,aggregate,6,2371,15,10.85,8.10,12,6
diss,aggregate,6,2371,16,9.95,7.75,12,6
diss,aggregate,6,2371,17,14.86,12.49,12,6
diss,aggregate,6,2371,18,11.74,9.32,12,6
diss,aggregate,6,2371,19,10.50,8.55,12,6
diss,aggregate,6,3162,0,10.66,7.81,12,6
diss,aggregate,6,3162,1,11.11,8.97,12,6
diss,aggregate,6,3162,2,10.43,8.90,12,6
diss,aggregate,6,3162,3,10.27,7.92,12,6
diss,aggregate,6,3162,4,10.17,7.75,12,6
diss,aggregate,6,3162,5,10.47,8.02,12,6
diss,aggregate,6,3162,6,12.27,9.82,12,6
diss,aggregate,6,3162,7,10.05,7.65,12,6
diss,aggregate,6,3162,8,13.95,11.04,12,6
diss,aggregate,6,3162,9,14.82,12.51,6,6
diss,aggregate,6,3162,10,14.26,11.39,12,6
diss,aggregate,6,3162,11,18.17,16.19,12,6
diss,aggregate,6,3162,12,12.25,9.40,12,6
diss,aggregate,6,3162,13,12.21,8.29,12,6
diss,aggregate,6,3162,14,11.44,9.24,12,6
diss,aggregate,6,3162,15,11.62,9.32,12,6
diss,aggregate,6,3162,16,7.28,4.60,6,6
diss,aggregate,6,3162,17,9.69,7.63,12,6
diss,aggregate,6,3162,18,10.19,8.20,12,6
diss,aggregate,6,3162,19,10.16,7.99,12,6
diss,aggregate,6,4217,0,9.23,7.32,12,6
diss,aggregate,6,4217,1,10.15,7.51,12,6
diss,aggregate,6,4217,2,9.38,7.34,12,6
diss,aggregate,6,4217,3,10.05,8.44,12,6
diss,aggregate,6,4217,4,10.90,8.86,12,6
diss,aggregate,6,4217,5,9.08,7.30,12,6
diss,aggregate,6,4217,6,9.23,7.63,12,6
diss,aggregate,6,4217,7,9.17,7.40,12,6
diss,aggregate,6,4217,8,8.93,7.31,12,6
diss,aggregate,6,4217,9,9.90,8.04,12,6
diss,aggregate,6,4217,10,10.32,8.56,12,6
diss,aggregate,6,4217,11,9.75,8.30,12,6
diss,aggregate,6,4217,12,10.15,8.36,12,6
diss,aggregate,6,4217,13,10.53,8.81,12,6
diss,aggregate,6,4217,14,6.48,4.75,6,6
diss,aggregate,6,4217,15,9.91,8.16,12,6
diss,aggregate,6,4217,16,9.42,7.46,12,6
diss,aggregate,6,4217,17,11.09,7.64,12,6
diss,aggregate,6,4217,18,10.04,8.29,12,6
diss,aggregate,6,4217,19,10.20,7.77,12,6
diss,aggregate,6,5623,0,17.95,12.49,12,6
diss,aggregate,6,5623,1,11.30,9.35,12,6
diss,aggregate,6,5623,2,10.60,8.00,12,6
diss,aggregate,6,5623,3,9.88,7.70,12,6
diss,aggregate,6,5623,4,11.86,9.33,12,6
diss,aggregate,6,5623,5,9.46,8.00,12,6
diss,aggregate,6,5623,6,9.33,7.88,12,6
diss,aggregate,6,5623,7,11.81,10.12,12,6
diss,aggregate,6,5623,8,10.52,9.05,12,6
diss,aggregate,6,5623,9,10.06,7.93,12,6
diss,aggregate,6,5623,10,6.33,4.35,6,6
diss,aggregate,6,5623,11,9.94,8.19,12,6
diss,aggregate,6,5623,12,12.14,10.41,12,6
diss,aggregate,6,5623,13,15.14,12.84,12,6
diss,aggregate,6,5623,14,17.08,15.11,12,6
diss,aggregate,6,5623,15,13.64,11.10,12,6
diss,aggregate,6,5623,16,12.00,10.05,12,6
diss,aggregate,6,5623,17,15.86,13.47,12,6
diss,aggregate,6,5623,18,10.72,8.81,12,6
diss,aggregate,6,5623,19,10.02,8.00,12,6
